,ds,trend,yhat_lower,yhat_upper,trend_lower,trend_upper,additive_terms,additive_terms_lower,additive_terms_upper,weekly,weekly_lower,weekly_upper,multiplicative_terms,multiplicative_terms_lower,multiplicative_terms_upper,yhat
0,2022-12-28,65.40693573962402,58.146981010744895,72.85345509768486,65.40693573962402,65.40693573962402,0.3954230076059577,0.3954230076059577,0.3954230076059577,0.3954230076059577,0.3954230076059577,0.3954230076059577,0.0,0.0,0.0,65.80235874722997
1,2022-12-29,65.68617825417522,58.83534707918477,73.85770828196962,65.68617825417522,65.68617825417522,0.6074350468577087,0.6074350468577087,0.6074350468577087,0.6074350468577087,0.6074350468577087,0.6074350468577087,0.0,0.0,0.0,66.29361330103292
2,2022-12-30,65.96542076872639,58.56188065709537,74.55548689337695,65.96542076872639,65.96542076872639,0.8206646072931525,0.8206646072931525,0.8206646072931525,0.8206646072931525,0.8206646072931525,0.8206646072931525,0.0,0.0,0.0,66.78608537601954
3,2023-01-03,67.08239082693113,60.45653675706896,75.60579111238663,67.08239082693113,67.08239082693113,0.9219417968493293,0.9219417968493293,0.9219417968493293,0.9219417968493293,0.9219417968493293,0.9219417968493293,0.0,0.0,0.0,68.00433262378046
4,2023-01-04,67.36163334148232,60.56561376691621,75.91336419125766,67.36163334148232,67.36163334148232,0.3954230076060914,0.3954230076060914,0.3954230076060914,0.3954230076060914,0.3954230076060914,0.3954230076060914,0.0,0.0,0.0,67.75705634908842
5,2023-01-05,67.64087585603349,60.31977717739497,76.26314867997014,67.64087585603349,67.64087585603349,0.6074350468559276,0.6074350468559276,0.6074350468559276,0.6074350468559276,0.6074350468559276,0.6074350468559276,0.0,0.0,0.0,68.24831090288941
6,2023-01-06,67.92011837058467,60.880815129697275,76.39260207220181,67.92011837058467,67.92011837058467,0.8206646072920005,0.8206646072920005,0.8206646072920005,0.8206646072920005,0.8206646072920005,0.8206646072920005,0.0,0.0,0.0,68.74078297787668
7,2023-01-09,68.75784591423823,60.97555900458066,76.3749316469371,68.75784591423823,68.75784591423823,0.228082852180592,0.228082852180592,0.228082852180592,0.228082852180592,0.228082852180592,0.228082852180592,0.0,0.0,0.0,68.98592876641882
8,2023-01-10,69.03708842878942,62.22581697214795,77.71153449314637,69.03708842878942,69.03708842878942,0.921941796847218,0.921941796847218,0.921941796847218,0.921941796847218,0.921941796847218,0.921941796847218,0.0,0.0,0.0,69.95903022563664
9,2023-01-11,69.31633094585634,62.159091797719455,77.54609408962722,69.31633094585634,69.31633094585634,0.39542300760829874,0.39542300760829874,0.39542300760829874,0.39542300760829874,0.39542300760829874,0.39542300760829874,0.0,0.0,0.0,69.71175395346464
10,2023-01-12,69.59557346292326,62.342036848195,77.62656257314131,69.59557346292326,69.59557346292326,0.6074350468554535,0.6074350468554535,0.6074350468554535,0.6074350468554535,0.6074350468554535,0.6074350468554535,0.0,0.0,0.0,70.20300850977871
11,2023-01-13,69.87481597999017,62.751018364362785,78.80919685919015,69.87481597999017,69.87481597999017,0.8206646072908484,0.8206646072908484,0.8206646072908484,0.8206646072908484,0.8206646072908484,0.8206646072908484,0.0,0.0,0.0,70.69548058728103
12,2023-01-17,70.99178604825785,64.46767557104997,80.05216395986638,70.99178604825785,70.99178604825785,0.9219417968479542,0.9219417968479542,0.9219417968479542,0.9219417968479542,0.9219417968479542,0.9219417968479542,0.0,0.0,0.0,71.91372784510581
13,2023-01-18,71.27102856532477,63.579400507564905,79.18574410315998,71.27102856532477,71.27102856532477,0.3954230076084324,0.3954230076084324,0.3954230076084324,0.3954230076084324,0.3954230076084324,0.3954230076084324,0.0,0.0,0.0,71.6664515729332
14,2023-01-19,71.55027108239169,64.03575841719807,80.44447650862666,71.55027108239169,71.55027108239169,0.6074350468566253,0.6074350468566253,0.6074350468566253,0.6074350468566253,0.6074350468566253,0.6074350468566253,0.0,0.0,0.0,72.15770612924831
15,2023-01-20,71.82951359945861,65.31264978201972,80.91362300790999,71.82951359945861,71.82951359945861,0.8206646072899322,0.8206646072899322,0.8206646072899322,0.8206646072899322,0.8206646072899322,0.8206646072899322,0.0,0.0,0.0,72.65017820674854
16,2023-01-23,72.66724115065935,64.88405234722411,80.47532026608376,72.66724115065935,72.66724115065935,0.22808285217654392,0.22808285217654392,0.22808285217654392,0.22808285217654392,0.22808285217654392,0.22808285217654392,0.0,0.0,0.0,72.89532400283589
17,2023-01-24,72.94648366786299,66.15527389513363,81.46440516840615,72.94648366786299,72.94648366786299,0.9219417968486905,0.9219417968486905,0.9219417968486905,0.9219417968486905,0.9219417968486905,0.9219417968486905,0.0,0.0,0.0,73.86842546471168
18,2023-01-25,73.22572618506665,65.93874972146588,80.8243904151987,73.22572618506665,73.22572618506665,0.3954230076073194,0.3954230076073194,0.3954230076073194,0.3954230076073194,0.3954230076073194,0.3954230076073194,0.0,0.0,0.0,73.62114919267397
19,2023-01-26,73.50496870227029,66.21934381598342,82.09229832120039,73.50496870227029,73.50496870227029,0.6074350468569741,0.6074350468569741,0.6074350468569741,0.6074350468569741,0.6074350468569741,0.6074350468569741,0.0,0.0,0.0,74.11240374912727
20,2023-01-27,73.78421121947393,66.77216520694193,82.60960696869635,73.78421121947393,73.78421121947393,0.8206646072941212,0.8206646072941212,0.8206646072941212,0.8206646072941212,0.8206646072941212,0.8206646072941212,0.0,0.0,0.0,74.60487582676805
21,2023-01-30,74.62193877108488,67.56370793562054,82.08144833252356,74.62193877108488,74.62193877108488,0.22808285217685065,0.22808285217685065,0.22808285217685065,0.22808285217685065,0.22808285217685065,0.22808285217685065,0.0,0.0,0.0,74.85002162326174
22,2023-01-31,74.90118128828854,67.75588924813327,83.48614190403778,74.90118128828854,74.90118128828854,0.921941796848003,0.921941796848003,0.921941796848003,0.921941796848003,0.921941796848003,0.921941796848003,0.0,0.0,0.0,75.82312308513654
23,2023-02-01,75.18042380549218,68.2740140476452,83.26140907205937,75.18042380549218,75.18042380549218,0.39542300760828,0.39542300760828,0.39542300760828,0.39542300760828,0.39542300760828,0.39542300760828,0.0,0.0,0.0,75.57584681310047
24,2023-02-02,75.45966632269584,68.63056135361039,84.39276900841972,75.45966632269584,75.45966632269584,0.6074350468573229,0.6074350468573229,0.6074350468573229,0.6074350468573229,0.6074350468573229,0.6074350468573229,0.0,0.0,0.0,76.06710136955316
25,2023-02-03,75.73890883322777,68.73502893802383,84.56984324632718,75.73890883322777,75.73890883322777,0.8206646072934413,0.8206646072934413,0.8206646072934413,0.8206646072934413,0.8206646072934413,0.8206646072934413,0.0,0.0,0.0,76.5595734405212
26,2023-02-06,76.5766363648236,68.80282870347739,84.92886513834837,76.5766363648236,76.5766363648236,0.22808285217847618,0.22808285217847618,0.22808285217847618,0.22808285217847618,0.22808285217847618,0.22808285217847618,0.0,0.0,0.0,76.80471921700207
27,2023-02-07,76.85587887535554,69.91793456021345,85.38125386948748,76.85587887535554,76.85587887535554,0.9219417968507405,0.9219417968507405,0.9219417968507405,0.9219417968507405,0.9219417968507405,0.9219417968507405,0.0,0.0,0.0,77.77782067220629
28,2023-02-08,77.13512138588749,70.53553861919177,85.6595853495371,77.13512138588749,77.13512138588749,0.3954230076071668,0.3954230076071668,0.3954230076071668,0.3954230076071668,0.3954230076071668,0.3954230076071668,0.0,0.0,0.0,77.53054439349465
29,2023-02-09,77.41436389641943,70.03493924656723,85.95624300962355,77.41436389641943,77.41436389641943,0.6074350468576718,0.6074350468576718,0.6074350468576718,0.6074350468576718,0.6074350468576718,0.6074350468576718,0.0,0.0,0.0,78.0217989432771
30,2023-02-10,77.69360640695136,71.6621971960922,86.4807673921391,77.69360640695136,77.69360640695136,0.8206646072922891,0.8206646072922891,0.8206646072922891,0.8206646072922891,0.8206646072922891,0.8206646072922891,0.0,0.0,0.0,78.51427101424365
31,2023-02-13,78.53133393854719,71.03365565825246,86.29593748467941,78.53133393854719,78.53133393854719,0.22808285218010171,0.22808285218010171,0.22808285218010171,0.22808285218010171,0.22808285218010171,0.22808285218010171,0.0,0.0,0.0,78.7594167907273
32,2023-02-14,78.81057644907912,71.78548842165164,87.68399681355844,78.81057644907912,78.81057644907912,0.9219417968472056,0.9219417968472056,0.9219417968472056,0.9219417968472056,0.9219417968472056,0.9219417968472056,0.0,0.0,0.0,79.73251824592633
33,2023-02-15,79.08981895455707,71.90432757467269,87.24222478660617,79.08981895455707,79.08981895455707,0.39542300760854726,0.39542300760854726,0.39542300760854726,0.39542300760854726,0.39542300760854726,0.39542300760854726,0.0,0.0,0.0,79.48524196216562
34,2023-02-16,79.36906146003504,72.00853774217839,87.2386104855891,79.36906146003504,79.36906146003504,0.6074350468588436,0.6074350468588436,0.6074350468588436,0.6074350468588436,0.6074350468588436,0.6074350468588436,0.0,0.0,0.0,79.97649650689388
35,2023-02-17,79.648303965513,72.4474878224723,87.8055648592271,79.648303965513,79.648303965513,0.8206646072913729,0.8206646072913729,0.8206646072913729,0.8206646072913729,0.8206646072913729,0.8206646072913729,0.0,0.0,0.0,80.46896857280437
36,2023-02-21,80.76527398742482,73.69420909351874,89.40829216444996,80.76527398742482,80.76527398742482,0.9219417968479419,0.9219417968479419,0.9219417968479419,0.9219417968479419,0.9219417968479419,0.9219417968479419,0.0,0.0,0.0,81.68721578427277
37,2023-02-22,81.0445164929028,73.29789840025178,89.65499746377225,81.0445164929028,81.0445164929028,0.3954230076074341,0.3954230076074341,0.3954230076074341,0.3954230076074341,0.3954230076074341,0.3954230076074341,0.0,0.0,0.0,81.43993950051023
38,2023-02-23,81.32375899838075,74.03101509839618,89.69002271217965,81.32375899838075,81.32375899838075,0.6074350468562395,0.6074350468562395,0.6074350468562395,0.6074350468562395,0.6074350468562395,0.6074350468562395,0.0,0.0,0.0,81.93119404523699
39,2023-02-24,81.6030015038587,74.52811411544118,90.50618631238973,81.6030015038587,81.6030015038587,0.820664607295798,0.820664607295798,0.820664607295798,0.820664607295798,0.820664607295798,0.820664607295798,0.0,0.0,0.0,82.4236661111545
40,2023-02-27,82.44072902029258,74.96852098746973,90.2975831512536,82.44072902029258,82.44072902029258,0.22808285218203414,0.22808285218203414,0.22808285218203414,0.22808285218203414,0.22808285218203414,0.22808285218203414,0.0,0.0,0.0,82.66881187247462
41,2023-02-28,82.7199715278414,75.52571577458248,90.90254836262082,82.7199715278414,82.7199715278414,0.9219417968492555,0.9219417968492555,0.9219417968492555,0.9219417968492555,0.9219417968492555,0.9219417968492555,0.0,0.0,0.0,83.64191332469065
42,2023-03-01,82.9992140353902,75.7532065256594,91.1705510950174,82.9992140353902,82.9992140353902,0.395423007606321,0.395423007606321,0.395423007606321,0.395423007606321,0.395423007606321,0.395423007606321,0.0,0.0,0.0,83.39463704299652
43,2023-03-02,83.27845654293901,75.84154976324056,92.11080624514692,83.27845654293901,83.27845654293901,0.6074350468574113,0.6074350468574113,0.6074350468574113,0.6074350468574113,0.6074350468574113,0.6074350468574113,0.0,0.0,0.0,83.88589158979643
44,2023-03-03,83.55769905048781,76.88612668838215,91.97680384162005,83.55769905048781,83.55769905048781,0.8206646072948819,0.8206646072948819,0.8206646072948819,0.8206646072948819,0.8206646072948819,0.8206646072948819,0.0,0.0,0.0,84.3783636577827
45,2023-03-06,84.39542657313422,76.3667696466918,92.711162634055,84.39542657313422,84.39542657313422,0.22808285217636037,0.22808285217636037,0.22808285217636037,0.22808285217636037,0.22808285217636037,0.22808285217636037,0.0,0.0,0.0,84.62350942531057
46,2023-03-07,84.67466908068303,77.6193644704976,93.4068938857175,84.67466908068303,84.67466908068303,0.9219417968499919,0.9219417968499919,0.9219417968499919,0.9219417968499919,0.9219417968499919,0.9219417968499919,0.0,0.0,0.0,85.59661087753302
47,2023-03-08,84.95391158823185,76.89626767644468,93.23896122651462,84.95391158823185,84.95391158823185,0.39542300760770144,0.39542300760770144,0.39542300760770144,0.39542300760770144,0.39542300760770144,0.39542300760770144,0.0,0.0,0.0,85.34933459583955
48,2023-03-09,85.23315409578065,78.11246456828374,93.69628842606582,85.23315409578065,85.23315409578065,0.6074350468569373,0.6074350468569373,0.6074350468569373,0.6074350468569373,0.6074350468569373,0.6074350468569373,0.0,0.0,0.0,85.84058914263758
49,2023-03-10,85.51239660309571,78.22000373175317,94.27331438803797,85.51239660309571,85.51239660309571,0.8206646072939658,0.8206646072939658,0.8206646072939658,0.8206646072939658,0.8206646072939658,0.8206646072939658,0.0,0.0,0.0,86.33306121038967
50,2023-03-13,86.35012412504094,79.06371766613391,95.11855086672715,86.35012412504094,86.35012412504094,0.2280828521779858,0.2280828521779858,0.2280828521779858,0.2280828521779858,0.2280828521779858,0.2280828521779858,0.0,0.0,0.0,86.57820697721893
51,2023-03-14,86.629366632356,79.8537533172398,95.69310475213659,86.629366632356,86.629366632356,0.9219417968493044,0.9219417968493044,0.9219417968493044,0.9219417968493044,0.9219417968493044,0.9219417968493044,0.0,0.0,0.0,87.5513084292053
52,2023-03-15,86.90860913967106,78.82948698872518,94.34701317623858,86.90860913967106,86.90860913967106,0.3954230076065883,0.3954230076065883,0.3954230076065883,0.3954230076065883,0.3954230076065883,0.3954230076065883,0.0,0.0,0.0,87.30403214727764
53,2023-03-16,87.18785164698615,79.91892358585712,95.48731043478108,87.18785164698615,87.18785164698615,0.6074350468581089,0.6074350468581089,0.6074350468581089,0.6074350468581089,0.6074350468581089,0.6074350468581089,0.0,0.0,0.0,87.79528669384426
54,2023-03-17,87.46709415430121,80.25490817603972,96.53027905547934,87.46709415430121,87.46709415430121,0.8206646072930496,0.8206646072930496,0.8206646072930496,0.8206646072930496,0.8206646072930496,0.8206646072930496,0.0,0.0,0.0,88.28775876159426
55,2023-03-20,88.30482167624643,80.50372173213196,96.79464015345548,88.30482167624643,88.30482167624643,0.22808285218093016,0.22808285218093016,0.22808285218093016,0.22808285218093016,0.22808285218093016,0.22808285218093016,0.0,0.0,0.0,88.53290452842737
56,2023-03-21,88.5840641835615,82.02457304422107,97.39180292521216,88.5840641835615,88.5840641835615,0.921941796848617,0.921941796848617,0.921941796848617,0.921941796848617,0.921941796848617,0.921941796848617,0.0,0.0,0.0,89.50600598041011
57,2023-03-22,88.86330668936274,81.36491839635214,96.57510224232725,88.86330668936274,88.86330668936274,0.395423007607549,0.395423007607549,0.395423007607549,0.395423007607549,0.395423007607549,0.395423007607549,0.0,0.0,0.0,89.25872969697029
58,2023-03-23,89.14254919516397,82.0053590253773,97.67874405418954,89.14254919516397,89.14254919516397,0.6074350468592807,0.6074350468592807,0.6074350468592807,0.6074350468592807,0.6074350468592807,0.6074350468592807,0.0,0.0,0.0,89.74998424202325
59,2023-03-24,89.4217917009652,82.70553379817962,97.8384318576148,89.4217917009652,89.4217917009652,0.8206646072918976,0.8206646072918976,0.8206646072918976,0.8206646072918976,0.8206646072918976,0.8206646072918976,0.0,0.0,0.0,90.2424563082571
60,2023-03-27,90.2595192183689,82.82670500607148,98.0594053751763,90.2595192183689,90.2595192183689,0.2280828521739376,0.2280828521739376,0.2280828521739376,0.2280828521739376,0.2280828521739376,0.2280828521739376,0.0,0.0,0.0,90.48760207054283
61,2023-03-28,90.53876172417013,84.41232877638976,99.84070828449997,90.53876172417013,90.53876172417013,0.9219417968479294,0.9219417968479294,0.9219417968479294,0.9219417968479294,0.9219417968479294,0.9219417968479294,0.0,0.0,0.0,91.46070352101806
62,2023-03-29,90.81800422997135,83.42936127308822,98.4436138007704,90.81800422997135,90.81800422997135,0.3954230076064359,0.3954230076064359,0.3954230076064359,0.3954230076064359,0.3954230076064359,0.3954230076064359,0.0,0.0,0.0,91.21342723757779
63,2023-03-30,91.0972467357726,84.32650800003273,99.79259900262815,91.0972467357726,91.0972467357726,0.6074350468558537,0.6074350468558537,0.6074350468558537,0.6074350468558537,0.6074350468558537,0.6074350468558537,0.0,0.0,0.0,91.70468178262846
64,2023-03-31,91.37648924157382,84.70901869786104,99.9181414491992,91.37648924157382,91.37648924157382,0.8206646072912177,0.8206646072912177,0.8206646072912177,0.8206646072912177,0.8206646072912177,0.8206646072912177,0.0,0.0,0.0,92.19715384886504
65,2023-04-03,92.21421676873696,85.2009816778456,100.3740138372823,92.21421676873696,92.21421676873696,0.2280828521755634,0.2280828521755634,0.2280828521755634,0.2280828521755634,0.2280828521755634,0.2280828521755634,0.0,0.0,0.0,92.44229962091252
66,2023-04-04,92.49345927779133,85.94337705401571,100.57916327903985,92.49345927779133,92.49345927779133,0.9219417968486657,0.9219417968486657,0.9219417968486657,0.9219417968486657,0.9219417968486657,0.9219417968486657,0.0,0.0,0.0,93.41540107464
67,2023-04-05,92.77270178684573,85.1410084250463,101.5416293728332,92.77270178684573,92.77270178684573,0.39542300760656945,0.39542300760656945,0.39542300760656945,0.39542300760656945,0.39542300760656945,0.39542300760656945,0.0,0.0,0.0,93.1681247944523
68,2023-04-06,93.05194429590009,86.41822639538758,101.6955687827862,93.05194429590009,93.05194429590009,0.6074350468570254,0.6074350468570254,0.6074350468570254,0.6074350468570254,0.6074350468570254,0.6074350468570254,0.0,0.0,0.0,93.6593793427571
69,2023-04-10,94.16891433211762,86.48490236489017,102.27780903261191,94.16891433211762,94.16891433211762,0.22808285217587,0.22808285217587,0.22808285217587,0.22808285217587,0.22808285217587,0.22808285217587,0.0,0.0,0.0,94.3969971842935
70,2023-04-11,94.44815684117201,87.53429250233265,103.22332829280957,94.44815684117201,94.44815684117201,0.9219417968465545,0.9219417968465545,0.9219417968465545,0.9219417968465545,0.9219417968465545,0.9219417968465545,0.0,0.0,0.0,95.37009863801856
71,2023-04-12,94.72739935022638,87.29682617467547,102.9285510844233,94.72739935022638,94.72739935022638,0.3954230076067031,0.3954230076067031,0.3954230076067031,0.3954230076067031,0.3954230076067031,0.3954230076067031,0.0,0.0,0.0,95.12282235783309
72,2023-04-13,95.00664185928075,88.05063155156664,103.02328750761855,95.00664185928075,95.00664185928075,0.6074350468565514,0.6074350468565514,0.6074350468565514,0.6074350468565514,0.6074350468565514,0.6074350468565514,0.0,0.0,0.0,95.6140769061373
73,2023-04-14,95.28615497787149,88.11077281467256,103.32246931674482,95.28615497787149,95.28615497787149,0.8206646072944905,0.8206646072944905,0.8206646072944905,0.8206646072944905,0.8206646072944905,0.8206646072944905,0.0,0.0,0.0,96.10681958516598
74,2023-04-17,96.12469433364366,88.59849255939555,104.23903278842833,96.12469433364366,96.12469433364366,0.22808285217617685,0.22808285217617685,0.22808285217617685,0.22808285217617685,0.22808285217617685,0.22808285217617685,0.0,0.0,0.0,96.35277718581983
75,2023-04-18,96.40420745223437,89.63306579346535,104.68095114835917,96.40420745223437,96.40420745223437,0.9219417968492921,0.9219417968492921,0.9219417968492921,0.9219417968492921,0.9219417968492921,0.9219417968492921,0.0,0.0,0.0,97.32614924908367
76,2023-04-19,96.6837205708251,88.71812564594114,104.75433393739452,96.6837205708251,96.6837205708251,0.395423007606837,0.395423007606837,0.395423007606837,0.395423007606837,0.395423007606837,0.395423007606837,0.0,0.0,0.0,97.07914357843194
77,2023-04-20,96.96323368941582,89.86610820206731,105.07599925610043,96.96323368941582,96.96323368941582,0.6074350468577231,0.6074350468577231,0.6074350468577231,0.6074350468577231,0.6074350468577231,0.6074350468577231,0.0,0.0,0.0,97.57066873627353
78,2023-04-21,97.24274680800654,90.58415456428781,105.95780504552839,97.24274680800654,97.24274680800654,0.8206646072933385,0.8206646072933385,0.8206646072933385,0.8206646072933385,0.8206646072933385,0.8206646072933385,0.0,0.0,0.0,98.06341141529988
79,2023-04-24,98.08128616377871,90.74446654162571,106.44937255093487,98.08128616377871,98.08128616377871,0.22808285217912122,0.22808285217912122,0.22808285217912122,0.22808285217912122,0.22808285217912122,0.22808285217912122,0.0,0.0,0.0,98.30936901595784
80,2023-04-25,98.36079928236944,91.39139346524264,107.25269406614139,98.36079928236944,98.36079928236944,0.9219417968486044,0.9219417968486044,0.9219417968486044,0.9219417968486044,0.9219417968486044,0.9219417968486044,0.0,0.0,0.0,99.28274107921804
81,2023-04-26,98.66669324621977,91.33427323298288,106.92009545902529,98.66669324621977,98.66669324621977,0.39542300760779747,0.39542300760779747,0.39542300760779747,0.39542300760779747,0.39542300760779747,0.39542300760779747,0.0,0.0,0.0,99.06211625382757
82,2023-04-27,98.97258721007009,92.32291058785755,107.1002267532225,98.97258721007009,98.97258721007009,0.6074350468580719,0.6074350468580719,0.6074350468580719,0.6074350468580719,0.6074350468580719,0.6074350468580719,0.0,0.0,0.0,99.58002225692816
83,2023-04-28,99.2784811739204,91.94510083556906,108.09465418682764,99.2784811739204,99.2784811739204,0.8206646072921864,0.8206646072921864,0.8206646072921864,0.8206646072921864,0.8206646072921864,0.8206646072921864,0.0,0.0,0.0,100.09914578121258
84,2023-05-01,100.19616306547137,92.87305984306944,107.87814225777336,100.19616306547137,100.19616306547137,0.22808285217942806,0.22808285217942806,0.22808285217942806,0.22808285217942806,0.22808285217942806,0.22808285217942806,0.0,0.0,0.0,100.4242459176508
85,2023-05-02,100.50205702932169,93.5251026789969,108.86779557516624,100.50205702932169,100.50205702932169,0.9219417968493407,0.9219417968493407,0.9219417968493407,0.9219417968493407,0.9219417968493407,0.9219417968493407,0.0,0.0,0.0,101.42399882617103
86,2023-05-03,100.807950993172,92.59091612648092,108.72203668633405,100.807950993172,100.807950993172,0.39542300760793103,0.39542300760793103,0.39542300760793103,0.39542300760793103,0.39542300760793103,0.39542300760793103,0.0,0.0,0.0,101.20337400077993
87,2023-05-04,101.11384495702232,93.71052416205254,109.63312775029645,101.11384495702232,101.11384495702232,0.6074350468554679,0.6074350468554679,0.6074350468554679,0.6074350468554679,0.6074350468554679,0.6074350468554679,0.0,0.0,0.0,101.7212800038778
88,2023-05-05,101.41973892087266,94.13341409341677,110.44374589926096,101.41973892087266,101.41973892087266,0.8206646072915064,0.8206646072915064,0.8206646072915064,0.8206646072915064,0.8206646072915064,0.8206646072915064,0.0,0.0,0.0,102.24040352816417
89,2023-05-08,102.33823201020283,95.02875388988751,110.83010583228265,102.33823201020283,102.33823201020283,0.22808285218105365,0.22808285218105365,0.22808285218105365,0.22808285218105365,0.22808285218105365,0.22808285218105365,0.0,0.0,0.0,102.56631486238389
90,2023-05-09,102.6443963733129,95.39183049668038,111.02432307996884,102.6443963733129,102.6443963733129,0.9219417968500772,0.9219417968500772,0.9219417968500772,0.9219417968500772,0.9219417968500772,0.9219417968500772,0.0,0.0,0.0,103.56633817016298
91,2023-05-10,102.95056073642296,95.62647018716272,110.95864625276106,102.95056073642296,102.95056073642296,0.395423007606818,0.395423007606818,0.395423007606818,0.395423007606818,0.395423007606818,0.395423007606818,0.0,0.0,0.0,103.34598374402978
92,2023-05-11,103.25672509953301,95.92123551946737,111.65572400040222,103.25672509953301,103.25672509953301,0.6074350468558167,0.6074350468558167,0.6074350468558167,0.6074350468558167,0.6074350468558167,0.6074350468558167,0.0,0.0,0.0,103.86416014638883
93,2023-05-12,103.56288946264308,95.9202310436606,112.07651839696696,103.56288946264308,103.56288946264308,0.8206646072903543,0.8206646072903543,0.8206646072903543,0.8206646072903543,0.8206646072903543,0.8206646072903543,0.0,0.0,0.0,104.38355406993344
94,2023-05-15,104.48138255197325,96.33918446701223,111.61477464094932,104.48138255197325,104.48138255197325,0.22808285217537974,0.22808285217537974,0.22808285217537974,0.22808285217537974,0.22808285217537974,0.22808285217537974,0.0,0.0,0.0,104.70946540414863
95,2023-05-16,104.78754691508333,97.9691090113325,113.42823738004088,104.78754691508333,104.78754691508333,0.9219417968479658,0.9219417968479658,0.9219417968479658,0.9219417968479658,0.9219417968479658,0.9219417968479658,0.0,0.0,0.0,105.70948871193129
96,2023-05-17,105.09371127819337,98.28149377743497,113.51348717026684,105.09371127819337,105.09371127819337,0.3954230076081985,0.3954230076081985,0.3954230076081985,0.3954230076081985,0.3954230076081985,0.3954230076081985,0.0,0.0,0.0,105.48913428580157
97,2023-05-18,105.39987564300563,98.02102736051164,113.78429038658936,105.39987564300563,105.39987564300563,0.6074350468569886,0.6074350468569886,0.6074350468569886,0.6074350468569886,0.6074350468569886,0.6074350468569886,0.0,0.0,0.0,106.00731068986262
98,2023-05-19,105.7060400078179,98.81820935568356,114.14975061094692,105.7060400078179,105.7060400078179,0.8206646072894382,0.8206646072894382,0.8206646072894382,0.8206646072894382,0.8206646072894382,0.8206646072894382,0.0,0.0,0.0,106.52670461510735
99,2023-05-22,106.62453310225467,99.6810618711037,114.52753462134427,106.62453310225467,106.62453310225467,0.22808285217700539,0.22808285217700539,0.22808285217700539,0.22808285217700539,0.22808285217700539,0.22808285217700539,0.0,0.0,0.0,106.85261595443168
100,2023-05-23,106.93069746706693,100.15588768997571,115.55231813817116,106.93069746706693,106.93069746706693,0.9219417968487021,0.9219417968487021,0.9219417968487021,0.9219417968487021,0.9219417968487021,0.9219417968487021,0.0,0.0,0.0,107.85263926391563
101,2023-05-24,107.23686183187921,100.20632899715271,115.74582113815747,107.23686183187921,107.23686183187921,0.3954230076070853,0.3954230076070853,0.3954230076070853,0.3954230076070853,0.3954230076070853,0.3954230076070853,0.0,0.0,0.0,107.63228483948629
102,2023-05-25,107.54302619669147,100.73274634976266,115.53714985813176,107.54302619669147,107.54302619669147,0.6074350468573373,0.6074350468573373,0.6074350468573373,0.6074350468573373,0.6074350468573373,0.6074350468573373,0.0,0.0,0.0,108.1504612435488
103,2023-05-26,107.84919056150373,100.92417013819599,116.80644970903542,107.84919056150373,107.84919056150373,0.8206646072938633,0.8206646072938633,0.8206646072938633,0.8206646072938633,0.8206646072938633,0.8206646072938633,0.0,0.0,0.0,108.6698551687976
104,2023-05-30,109.07384802209,102.22104956637331,117.94221157776042,109.07384802209,109.07384802209,0.921941796848592,0.921941796848592,0.921941796848592,0.921941796848592,0.921941796848592,0.921941796848592,0.0,0.0,0.0,109.99578981893859
105,2023-05-31,109.38001238723656,101.65941290997417,117.41210392834836,109.38001238723656,109.38001238723656,0.39542300760804594,0.39542300760804594,0.39542300760804594,0.39542300760804594,0.39542300760804594,0.39542300760804594,0.0,0.0,0.0,109.7754353948446
106,2023-06-01,109.68617675238312,103.02185436736193,118.30489788798927,109.68617675238312,109.68617675238312,0.6074350468585091,0.6074350468585091,0.6074350468585091,0.6074350468585091,0.6074350468585091,0.6074350468585091,0.0,0.0,0.0,110.29361179924163
107,2023-06-02,109.99234111752968,102.64313597122751,119.47142246233625,109.99234111752968,109.99234111752968,0.820664607292947,0.820664607292947,0.820664607292947,0.820664607292947,0.820664607292947,0.820664607292947,0.0,0.0,0.0,110.81300572482262
108,2023-06-05,110.91083421296939,103.24026587925727,119.15227719382871,110.91083421296939,110.91083421296939,0.2280828521789378,0.2280828521789378,0.2280828521789378,0.2280828521789378,0.2280828521789378,0.2280828521789378,0.0,0.0,0.0,111.13891706514833
109,2023-06-06,111.21699857811596,104.0381081500453,119.40443106470241,111.21699857811596,111.21699857811596,0.9219417968493285,0.9219417968493285,0.9219417968493285,0.9219417968493285,0.9219417968493285,0.9219417968493285,0.0,0.0,0.0,112.13894037496529
110,2023-06-07,111.52316294326252,104.41786313165277,119.764795834452,111.52316294326252,111.52316294326252,0.39542300760817967,0.39542300760817967,0.39542300760817967,0.39542300760817967,0.39542300760817967,0.39542300760817967,0.0,0.0,0.0,111.91858595087069
111,2023-06-08,111.82932730840908,104.3956116886218,120.42114710350451,111.82932730840908,111.82932730840908,0.6074350468580351,0.6074350468580351,0.6074350468580351,0.6074350468580351,0.6074350468580351,0.6074350468580351,0.0,0.0,0.0,112.4367623552671
112,2023-06-09,111.98042230913182,104.83099802746293,120.53624979879895,111.98042230913182,111.98042230913182,0.820664607292031,0.820664607292031,0.820664607292031,0.820664607292031,0.820664607292031,0.820664607292031,0.0,0.0,0.0,112.80108691642386
113,2023-06-12,112.4337073113001,104.04657686257092,120.29332162724346,112.4337073113001,112.4337073113001,0.22808285217924468,0.22808285217924468,0.22808285217924468,0.22808285217924468,0.22808285217924468,0.22808285217924468,0.0,0.0,0.0,112.66179016347934
114,2023-06-13,112.58480231202283,106.02301881786578,121.16240260314012,112.58480231202283,112.58480231202283,0.9219417968486411,0.9219417968486411,0.9219417968486411,0.9219417968486411,0.9219417968486411,0.9219417968486411,0.0,0.0,0.0,113.50674410887147
115,2023-06-14,112.73589731274559,105.06478317866511,120.79762612508601,112.73589731274559,112.73589731274559,0.3954230076083134,0.3954230076083134,0.3954230076083134,0.3954230076083134,0.3954230076083134,0.3954230076083134,0.0,0.0,0.0,113.13132032035391
116,2023-06-15,112.88699231346833,105.56944123519935,120.97902187865498,112.88699231346833,112.88699231346833,0.6074350468592068,0.6074350468592068,0.6074350468592068,0.6074350468592068,0.6074350468592068,0.6074350468592068,0.0,0.0,0.0,113.49442736032753
117,2023-06-16,113.03808731419109,106.34487803793614,121.58019432333138,113.03808731419109,113.03808731419109,0.820664607296456,0.820664607296456,0.820664607296456,0.820664607296456,0.820664607296456,0.820664607296456,0.0,0.0,0.0,113.85875192148754
118,2023-06-20,113.6424673170821,106.60979950732437,122.09980180508643,113.6424673170821,113.6424673170821,0.9219417968479535,0.9219417968479535,0.9219417968479535,0.9219417968479535,0.9219417968479535,0.9219417968479535,0.0,0.0,0.0,114.56440911393005
119,2023-06-21,113.79356231780484,106.3143342590632,122.32468348062925,113.79356231780484,113.79356231780484,0.39542300760720017,0.39542300760720017,0.39542300760720017,0.39542300760720017,0.39542300760720017,0.39542300760720017,0.0,0.0,0.0,114.18898532541205
120,2023-06-22,113.79585090631342,106.89657320420609,122.00785438096054,113.79585090631342,113.79585090631342,0.6074350468566028,0.6074350468566028,0.6074350468566028,0.6074350468566028,0.6074350468566028,0.6074350468566028,0.0,0.0,0.0,114.40328595317003
121,2023-06-23,113.798139494822,106.68772214805405,122.35451241739162,113.798139494822,113.798139494822,0.820664607295304,0.820664607295304,0.820664607295304,0.820664607295304,0.820664607295304,0.820664607295304,0.0,0.0,0.0,114.6188041021173
122,2023-06-26,113.80500526034771,106.14066001094622,121.46200941884247,113.80500526034771,113.80500526034771,0.22808285217651503,0.22808285217651503,0.22808285217651503,0.22808285217651503,0.22808285217651503,0.22808285217651503,0.0,0.0,0.0,114.03308811252423
123,2023-06-27,113.8072938488563,106.72611127951954,122.23826845512878,113.8072938488563,113.8072938488563,0.9219417968492672,0.9219417968492672,0.9219417968492672,0.9219417968492672,0.9219417968492672,0.9219417968492672,0.0,0.0,0.0,114.72923564570557
124,2023-06-28,113.80958243736487,106.70978430475174,121.74846391159022,113.80958243736487,113.80958243736487,0.39542300760608706,0.39542300760608706,0.39542300760608706,0.39542300760608706,0.39542300760608706,0.39542300760608706,0.0,0.0,0.0,114.20500544497095
125,2023-06-29,113.81187102587346,106.32234743391086,122.37507618513378,113.81187102587346,113.81187102587346,0.6074350468569515,0.6074350468569515,0.6074350468569515,0.6074350468569515,0.6074350468569515,0.6074350468569515,0.0,0.0,0.0,114.41930607273041
126,2023-06-30,113.81415961438204,107.2186287067057,123.25185839025535,113.81415961438204,113.81415961438204,0.8206646072946239,0.8206646072946239,0.8206646072946239,0.8206646072946239,0.8206646072946239,0.8206646072946239,0.0,0.0,0.0,114.63482422167665
127,2023-07-03,113.82102537990775,106.4627568391608,121.87781934548475,113.82102537990775,113.82102537990775,0.2280828521781406,0.2280828521781406,0.2280828521781406,0.2280828521781406,0.2280828521781406,0.2280828521781406,0.0,0.0,0.0,114.0491082320859
128,2023-07-05,113.62383974768726,105.70484442490385,121.85478263198476,113.62383974768726,113.62383974768726,0.39542300760622073,0.39542300760622073,0.39542300760622073,0.39542300760622073,0.39542300760622073,0.39542300760622073,0.0,0.0,0.0,114.01926275529348
129,2023-07-06,113.52524693157703,106.61143961357858,122.24724565864601,113.52524693157703,113.52524693157703,0.6074350468573003,0.6074350468573003,0.6074350468573003,0.6074350468573003,0.6074350468573003,0.6074350468573003,0.0,0.0,0.0,114.13268197843433
130,2023-07-07,113.42665411546677,106.48030601856097,121.6595499698287,113.42665411546677,113.42665411546677,0.8206646072934719,0.8206646072934719,0.8206646072934719,0.8206646072934719,0.8206646072934719,0.8206646072934719,0.0,0.0,0.0,114.24731872276024
131,2023-07-10,113.13087566713605,105.18973130775785,120.74871620594324,113.13087566713605,113.13087566713605,0.22808285217844745,0.22808285217844745,0.22808285217844745,0.22808285217844745,0.22808285217844745,0.22808285217844745,0.0,0.0,0.0,113.3589585193145
132,2023-07-11,113.03228285102581,106.04921548228425,122.24834768353846,113.03228285102581,113.03228285102581,0.9219417968478921,0.9219417968478921,0.9219417968478921,0.9219417968478921,0.9219417968478921,0.9219417968478921,0.0,0.0,0.0,113.9542246478737
133,2023-07-12,112.93369003491557,105.57803638883622,121.29864010613294,112.93369003491557,112.93369003491557,0.3954230076063543,0.3954230076063543,0.3954230076063543,0.3954230076063543,0.3954230076063543,0.3954230076063543,0.0,0.0,0.0,113.32911304252193
134,2023-07-13,112.83509721880533,105.2736701016137,121.29839278312319,112.83509721880533,112.83509721880533,0.6074350468546962,0.6074350468546962,0.6074350468546962,0.6074350468546962,0.6074350468546962,0.6074350468546962,0.0,0.0,0.0,113.44253226566002
135,2023-07-14,112.73650440269509,105.38905945508847,121.175559581925,112.73650440269509,112.73650440269509,0.8206646072925557,0.8206646072925557,0.8206646072925557,0.8206646072925557,0.8206646072925557,0.8206646072925557,0.0,0.0,0.0,113.55716900998765
136,2023-07-17,112.26767874288525,104.52348071751965,120.44152892479984,112.26767874288525,112.26767874288525,0.2280828521800731,0.2280828521800731,0.2280828521800731,0.2280828521800731,0.2280828521800731,0.2280828521800731,0.0,0.0,0.0,112.49576159506533
137,2023-07-18,112.11140352294863,104.37766747988086,120.94813182077684,112.11140352294863,112.11140352294863,0.9219417968486286,0.9219417968486286,0.9219417968486286,0.9219417968486286,0.9219417968486286,0.9219417968486286,0.0,0.0,0.0,113.03334531979726
138,2023-07-19,111.95512830301203,104.05006262202649,120.06626612652049,111.95512830301203,111.95512830301203,0.3954230076073151,0.3954230076073151,0.3954230076073151,0.3954230076073151,0.3954230076073151,0.3954230076073151,0.0,0.0,0.0,112.35055131061935
139,2023-07-20,111.79885308307541,104.01840179592875,119.92215039332955,111.79885308307541,111.79885308307541,0.6074350468550451,0.6074350468550451,0.6074350468550451,0.6074350468550451,0.6074350468550451,0.6074350468550451,0.0,0.0,0.0,112.40628812993046
140,2023-07-21,111.6425778631388,104.49940665740839,120.18604966885967,111.6425778631388,111.6425778631388,0.8206646072914036,0.8206646072914036,0.8206646072914036,0.8206646072914036,0.8206646072914036,0.8206646072914036,0.0,0.0,0.0,112.4632424704302
141,2023-07-24,111.17375220332899,103.89036313290104,119.32009884932322,111.17375220332899,111.17375220332899,0.22808285217439933,0.22808285217439933,0.22808285217439933,0.22808285217439933,0.22808285217439933,0.22808285217439933,0.0,0.0,0.0,111.40183505550338
142,2023-07-25,111.01747698339237,104.1499227434497,119.58785451142863,111.01747698339237,111.01747698339237,0.9219417968479412,0.9219417968479412,0.9219417968479412,0.9219417968479412,0.9219417968479412,0.9219417968479412,0.0,0.0,0.0,111.93941878024032
143,2023-07-26,110.86120176345577,103.62727481452046,118.9305689920018,110.86120176345577,110.86120176345577,0.39542300760620186,0.39542300760620186,0.39542300760620186,0.39542300760620186,0.39542300760620186,0.39542300760620186,0.0,0.0,0.0,111.25662477106196
144,2023-07-27,110.70492651085233,102.97904181059018,118.77215757284017,110.70492651085233,110.70492651085233,0.6074350468562169,0.6074350468562169,0.6074350468562169,0.6074350468562169,0.6074350468562169,0.6074350468562169,0.0,0.0,0.0,111.31236155770854
145,2023-07-28,110.54865125824888,103.27711459540052,119.46844269195853,110.54865125824888,110.54865125824888,0.8206646072904874,0.8206646072904874,0.8206646072904874,0.8206646072904874,0.8206646072904874,0.8206646072904874,0.0,0.0,0.0,111.36931586553936
146,2023-07-31,110.07982550043855,102.23660806238036,117.68020614916357,110.07982550043855,110.07982550043855,0.22808285217602478,0.22808285217602478,0.22808285217602478,0.22808285217602478,0.22808285217602478,0.22808285217602478,0.0,0.0,0.0,110.30790835261458
147,2023-08-01,109.92355024783511,102.856228514248,118.29150379646359,109.92355024783511,109.92355024783511,0.9219417968486774,0.9219417968486774,0.9219417968486774,0.9219417968486774,0.9219417968486774,0.9219417968486774,0.0,0.0,0.0,110.84549204468378
148,2023-08-02,109.76727499523167,102.48557425779738,118.76034587473718,109.76727499523167,109.76727499523167,0.3954230076075825,0.3954230076075825,0.3954230076075825,0.3954230076075825,0.3954230076075825,0.3954230076075825,0.0,0.0,0.0,110.16269800283925
149,2023-08-03,109.61099974262824,102.43011864515853,118.09240902561757,109.61099974262824,109.61099974262824,0.6074350468557429,0.6074350468557429,0.6074350468557429,0.6074350468557429,0.6074350468557429,0.6074350468557429,0.0,0.0,0.0,110.21843478948398
150,2023-08-04,109.4547244900248,102.27662278249272,118.04059960565716,109.4547244900248,109.4547244900248,0.8206646072949125,0.8206646072949125,0.8206646072949125,0.8206646072949125,0.8206646072949125,0.8206646072949125,0.0,0.0,0.0,110.27538909731972
151,2023-08-07,108.98589873221448,101.16579337119603,117.13719396930414,108.98589873221448,108.98589873221448,0.22808285217633162,0.22808285217633162,0.22808285217633162,0.22808285217633162,0.22808285217633162,0.22808285217633162,0.0,0.0,0.0,109.21398158439081
152,2023-08-08,108.82962347719537,101.73067564806796,117.14715910754754,108.82962347719537,108.82962347719537,0.9219417968479899,0.9219417968479899,0.9219417968479899,0.9219417968479899,0.9219417968479899,0.9219417968479899,0.0,0.0,0.0,109.75156527404336
153,2023-08-09,108.67334822217626,101.03948143118777,116.81463114477354,108.67334822217626,108.67334822217626,0.39542300760729626,0.39542300760729626,0.39542300760729626,0.39542300760729626,0.39542300760729626,0.39542300760729626,0.0,0.0,0.0,109.06877122978355
154,2023-08-10,108.51707296715715,101.00899838870856,117.23192821444351,108.51707296715715,108.51707296715715,0.6074350468569146,0.6074350468569146,0.6074350468569146,0.6074350468569146,0.6074350468569146,0.6074350468569146,0.0,0.0,0.0,109.12450801401407
155,2023-08-11,108.36079771213804,101.41543295570115,116.61606887896775,108.36079771213804,108.36079771213804,0.8206646072939965,0.8206646072939965,0.8206646072939965,0.8206646072939965,0.8206646072939965,0.8206646072939965,0.0,0.0,0.0,109.18146231943203
156,2023-08-14,107.8919719470807,100.84766572714682,115.94343074895957,107.8919719470807,107.8919719470807,0.22808285217927587,0.22808285217927587,0.22808285217927587,0.22808285217927587,0.22808285217927587,0.22808285217927587,0.0,0.0,0.0,108.12005479925998
157,2023-08-15,107.7356966920616,100.51867901671777,116.180907773932,107.7356966920616,107.7356966920616,0.9219417968493038,0.9219417968493038,0.9219417968493038,0.9219417968493038,0.9219417968493038,0.9219417968493038,0.0,0.0,0.0,108.6576384889109
158,2023-08-16,107.57942143704248,100.50695065969627,115.91556095357109,107.57942143704248,107.57942143704248,0.3954230076086766,0.3954230076086766,0.3954230076086766,0.3954230076086766,0.3954230076086766,0.3954230076086766,0.0,0.0,0.0,107.97484444465115
159,2023-08-17,107.42314618202336,100.16273275966225,115.71105175467954,107.42314618202336,107.42314618202336,0.6074350468580864,0.6074350468580864,0.6074350468580864,0.6074350468580864,0.6074350468580864,0.6074350468580864,0.0,0.0,0.0,108.03058122888145
160,2023-08-18,107.26687092511453,100.17585857416977,116.4306649218158,107.26687092511453,107.26687092511453,0.8206646072928444,0.8206646072928444,0.8206646072928444,0.8206646072928444,0.8206646072928444,0.8206646072928444,0.0,0.0,0.0,108.08753553240737
161,2023-08-21,106.79804515438802,99.02178285119145,115.19990865491798,106.79804515438802,106.79804515438802,0.22808285217958274,0.22808285217958274,0.22808285217958274,0.22808285217958274,0.22808285217958274,0.22808285217958274,0.0,0.0,0.0,107.0261280065676
162,2023-08-22,106.64176989747918,99.63391788360752,115.18139697636336,106.64176989747918,106.64176989747918,0.9219417968486163,0.9219417968486163,0.9219417968486163,0.9219417968486163,0.9219417968486163,0.9219417968486163,0.0,0.0,0.0,107.5637116943278
163,2023-08-23,106.48549464057037,98.9121770940711,114.17321104932024,106.48549464057037,106.48549464057037,0.39542300760756355,0.39542300760756355,0.39542300760756355,0.39542300760756355,0.39542300760756355,0.39542300760756355,0.0,0.0,0.0,106.88091764817793
164,2023-08-24,106.32921938366151,98.9409354396189,114.41428813069942,106.32921938366151,106.32921938366151,0.6074350468584353,0.6074350468584353,0.6074350468584353,0.6074350468584353,0.6074350468584353,0.6074350468584353,0.0,0.0,0.0,106.93665443051995
165,2023-08-25,106.17294412675268,99.59771964499895,114.65637814650057,106.17294412675268,106.17294412675268,0.8206646072921645,0.8206646072921645,0.8206646072921645,0.8206646072921645,0.8206646072921645,0.8206646072921645,0.0,0.0,0.0,106.99360873404484
166,2023-08-28,105.70411835602619,97.93617974285424,113.94422522548446,105.70411835602619,105.70411835602619,0.22808285217988955,0.22808285217988955,0.22808285217988955,0.22808285217988955,0.22808285217988955,0.22808285217988955,0.0,0.0,0.0,105.93220120820608
167,2023-08-29,105.54784309911736,98.58829054593915,114.22162370340499,105.54784309911736,105.54784309911736,0.9219417968493524,0.9219417968493524,0.9219417968493524,0.9219417968493524,0.9219417968493524,0.9219417968493524,0.0,0.0,0.0,106.46978489596671
168,2023-08-30,105.39156783831537,98.00838383853562,113.64287009951614,105.39156783831537,105.39156783831537,0.3954230076076971,0.3954230076076971,0.3954230076076971,0.3954230076076971,0.3954230076076971,0.3954230076076971,0.0,0.0,0.0,105.78699084592307
169,2023-08-31,105.23529257751338,98.09781031033181,113.56980203790262,105.23529257751338,105.23529257751338,0.6074350468566541,0.6074350468566541,0.6074350468566541,0.6074350468566541,0.6074350468566541,0.6074350468566541,0.0,0.0,0.0,105.84272762437003
170,2023-09-01,105.0790173167114,98.04436932608799,113.67724685007012,105.0790173167114,105.0790173167114,0.8206646072910124,0.8206646072910124,0.8206646072910124,0.8206646072910124,0.8206646072910124,0.8206646072910124,0.0,0.0,0.0,105.89968192400241
171,2023-09-05,104.45391627350345,96.98937648609936,113.00322233557728,104.45391627350345,104.45391627350345,0.9219417968492425,0.9219417968492425,0.9219417968492425,0.9219417968492425,0.9219417968492425,0.9219417968492425,0.0,0.0,0.0,105.37585807035269
172,2023-09-06,104.29764101270146,97.07617323067514,112.30840815080084,104.29764101270146,104.29764101270146,0.3954230076078307,0.3954230076078307,0.3954230076078307,0.3954230076078307,0.3954230076078307,0.3954230076078307,0.0,0.0,0.0,104.6930640203093
173,2023-09-07,104.1413657518995,97.14348535494345,112.40775149499092,104.1413657518995,104.1413657518995,0.60743504685618,0.60743504685618,0.60743504685618,0.60743504685618,0.60743504685618,0.60743504685618,0.0,0.0,0.0,104.74880079875568
174,2023-09-08,103.9850904910975,96.64802045259151,112.531832131192,103.9850904910975,103.9850904910975,0.8206646072898601,0.8206646072898601,0.8206646072898601,0.8206646072898601,0.8206646072898601,0.8206646072898601,0.0,0.0,0.0,104.80575509838735
175,2023-09-11,103.51626470869152,96.55853578368648,110.98433160389324,103.51626470869152,103.51626470869152,0.22808285217452268,0.22808285217452268,0.22808285217452268,0.22808285217452268,0.22808285217452268,0.22808285217452268,0.0,0.0,0.0,103.74434756086605
176,2023-09-12,103.35998944834675,95.9406568446832,111.92687590647529,103.35998944834675,103.35998944834675,0.9219417968499788,0.9219417968499788,0.9219417968499788,0.9219417968499788,0.9219417968499788,0.9219417968499788,0.0,0.0,0.0,104.28193124519673
177,2023-09-13,103.20371418800197,95.97836411505662,111.90788333168234,103.20371418800197,103.20371418800197,0.39542300760796445,0.39542300760796445,0.39542300760796445,0.39542300760796445,0.39542300760796445,0.39542300760796445,0.0,0.0,0.0,103.59913719560993
178,2023-09-14,103.04743892765718,95.53573132353127,111.61155859812648,103.04743892765718,103.04743892765718,0.6074350468573517,0.6074350468573517,0.6074350468573517,0.6074350468573517,0.6074350468573517,0.6074350468573517,0.0,0.0,0.0,103.65487397451453
179,2023-09-15,102.8911636673124,96.10469835172343,111.43026001201471,102.8911636673124,102.8911636673124,0.8206646072889442,0.8206646072889442,0.8206646072889442,0.8206646072889442,0.8206646072889442,0.8206646072889442,0.0,0.0,0.0,103.71182827460134
180,2023-09-18,102.42233788627806,94.8790244064982,110.62637723745542,102.42233788627806,102.42233788627806,0.2280828521774669,0.2280828521774669,0.2280828521774669,0.2280828521774669,0.2280828521774669,0.2280828521774669,0.0,0.0,0.0,102.65042073845552
181,2023-09-19,102.26606262593327,94.98663383521519,111.26052562666094,102.26606262593327,102.26606262593327,0.9219417968478676,0.9219417968478676,0.9219417968478676,0.9219417968478676,0.9219417968478676,0.9219417968478676,0.0,0.0,0.0,103.18800442278113
182,2023-09-20,102.10978736558849,94.84816871383762,110.48455174099956,102.10978736558849,102.10978736558849,0.39542300760685145,0.39542300760685145,0.39542300760685145,0.39542300760685145,0.39542300760685145,0.39542300760685145,0.0,0.0,0.0,102.50521037319534
183,2023-09-21,101.95351210524373,94.9489527607857,110.00880143521141,101.95351210524373,101.95351210524373,0.6074350468577007,0.6074350468577007,0.6074350468577007,0.6074350468577007,0.6074350468577007,0.6074350468577007,0.0,0.0,0.0,102.56094715210143
184,2023-09-22,101.91518034998867,95.10133708859775,110.7108100547021,101.91518034998867,101.91518034998867,0.8206646072933691,0.8206646072933691,0.8206646072933691,0.8206646072933691,0.8206646072933691,0.8206646072933691,0.0,0.0,0.0,102.73584495728204
185,2023-09-25,101.8001850842235,94.22837278754406,109.85124923809843,101.8001850842235,101.8001850842235,0.22808285217777377,0.22808285217777377,0.22808285217777377,0.22808285217777377,0.22808285217777377,0.22808285217777377,0.0,0.0,0.0,102.02826793640128
186,2023-09-26,101.76185332896844,95.01629345810869,110.56570049523978,101.76185332896844,101.76185332896844,0.9219417968486038,0.9219417968486038,0.9219417968486038,0.9219417968486038,0.9219417968486038,0.9219417968486038,0.0,0.0,0.0,102.68379512581704
187,2023-09-27,101.7235215737134,94.57775987428228,109.33026637265952,101.7235215737134,101.7235215737134,0.3954230076078121,0.3954230076078121,0.3954230076078121,0.3954230076078121,0.3954230076078121,0.3954230076078121,0.0,0.0,0.0,102.11894458132122
188,2023-09-28,101.68518981845834,94.5782434323647,110.00852342066507,101.68518981845834,101.68518981845834,0.6074350468580495,0.6074350468580495,0.6074350468580495,0.6074350468580495,0.6074350468580495,0.6074350468580495,0.0,0.0,0.0,102.29262486531638
189,2023-09-29,101.64685806320328,94.61510411137152,110.13215130065407,101.64685806320328,101.64685806320328,0.8206646072926892,0.8206646072926892,0.8206646072926892,0.8206646072926892,0.8206646072926892,0.8206646072926892,0.0,0.0,0.0,102.46752267049597
190,2023-10-02,101.53186279743812,93.5530513611168,109.23649732492981,101.53186279743812,101.53186279743812,0.2280828521793993,0.2280828521793993,0.2280828521793993,0.2280828521793993,0.2280828521793993,0.2280828521793993,0.0,0.0,0.0,101.75994564961752
191,2023-10-03,101.49353104218308,94.73981337904915,110.15182662904618,101.49353104218308,101.49353104218308,0.9219417968493401,0.9219417968493401,0.9219417968493401,0.9219417968493401,0.9219417968493401,0.9219417968493401,0.0,0.0,0.0,102.41547283903242
192,2023-10-04,101.65808049482064,94.87227108220573,109.53080292501147,101.65808049482064,101.65808049482064,0.3954230076066989,0.3954230076066989,0.3954230076066989,0.3954230076066989,0.3954230076066989,0.3954230076066989,0.0,0.0,0.0,102.05350350242733
193,2023-10-05,101.8226299474582,94.71250126265589,110.6781927656064,101.8226299474582,101.8226299474582,0.6074350468583983,0.6074350468583983,0.6074350468583983,0.6074350468583983,0.6074350468583983,0.6074350468583983,0.0,0.0,0.0,102.4300649943166
194,2023-10-06,101.98717940009575,95.13466769898953,110.91831306968541,101.98717940009575,101.98717940009575,0.8206646072915369,0.8206646072915369,0.8206646072915369,0.8206646072915369,0.8206646072915369,0.8206646072915369,0.0,0.0,0.0,102.80784400738729
195,2023-10-09,102.48082775800845,94.51480209019773,110.37641257383551,102.48082775800845,102.48082775800845,0.22808285217372556,0.22808285217372556,0.22808285217372556,0.22808285217372556,0.22808285217372556,0.22808285217372556,0.0,0.0,0.0,102.70891061018217
196,2023-10-10,102.645377210646,95.94687413970689,111.4086920756126,102.645377210646,102.645377210646,0.921941796847229,0.921941796847229,0.921941796847229,0.921941796847229,0.921941796847229,0.921941796847229,0.0,0.0,0.0,103.56731900749324
197,2023-10-11,102.80992666328356,95.0003365109268,110.18762853892156,102.80992666328356,102.80992666328356,0.39542300760807936,0.39542300760807936,0.39542300760807936,0.39542300760807936,0.39542300760807936,0.39542300760807936,0.0,0.0,0.0,103.20534967089164
198,2023-10-12,102.97447611592112,95.86001992593614,111.1080917650721,102.97447611592112,102.97447611592112,0.6074350468595701,0.6074350468595701,0.6074350468595701,0.6074350468595701,0.6074350468595701,0.6074350468595701,0.0,0.0,0.0,103.58191116278068
199,2023-10-13,103.1390255685587,96.82879996931096,111.68306062848372,103.1390255685587,103.1390255685587,0.8206646072959618,0.8206646072959618,0.8206646072959618,0.8206646072959618,0.8206646072959618,0.8206646072959618,0.0,0.0,0.0,103.95969017585466
200,2023-10-16,104.4454957312937,96.56374588164383,112.94202645146126,104.4454957312937,104.4454957312937,0.22808285217535113,0.22808285217535113,0.22808285217535113,0.22808285217535113,0.22808285217535113,0.22808285217535113,0.0,0.0,0.0,104.67357858346905
201,2023-10-17,104.88098578553871,98.06634377234745,113.12385154885943,104.88098578553871,104.88098578553871,0.9219417968479652,0.9219417968479652,0.9219417968479652,0.9219417968479652,0.9219417968479652,0.9219417968479652,0.0,0.0,0.0,105.80292758238667
202,2023-10-18,105.3164758397837,97.94804961836114,113.70602300686517,105.3164758397837,105.3164758397837,0.39542300760696625,0.39542300760696625,0.39542300760696625,0.39542300760696625,0.39542300760696625,0.39542300760696625,0.0,0.0,0.0,105.71189884739067
203,2023-10-19,105.75196589402871,97.93564892220469,113.78400218056606,105.75196589402871,105.75196589402871,0.607435046856143,0.607435046856143,0.607435046856143,0.607435046856143,0.607435046856143,0.607435046856143,0.0,0.0,0.0,106.35940094088485
204,2023-10-20,106.18745594827371,99.09406795395402,114.28961923391789,106.18745594827371,106.18745594827371,0.8206646072948098,0.8206646072948098,0.8206646072948098,0.8206646072948098,0.8206646072948098,0.8206646072948098,0.0,0.0,0.0,107.00812055556852
205,2023-10-23,107.4939261110087,100.36333497519327,116.05852699952835,107.4939261110087,107.4939261110087,0.22808285217697663,0.22808285217697663,0.22808285217697663,0.22808285217697663,0.22808285217697663,0.22808285217697663,0.0,0.0,0.0,107.72200896318569
206,2023-10-24,107.9294161652537,101.37151176668586,117.1433338467454,107.9294161652537,107.9294161652537,0.9219417968492789,0.9219417968492789,0.9219417968492789,0.9219417968492789,0.9219417968492789,0.9219417968492789,0.0,0.0,0.0,108.85135796210298
207,2023-10-25,108.3649062194987,101.37661004758854,117.2195043619533,108.3649062194987,108.3649062194987,0.39542300760585297,0.39542300760585297,0.39542300760585297,0.39542300760585297,0.39542300760585297,0.39542300760585297,0.0,0.0,0.0,108.76032922710456
208,2023-10-26,108.80039627374371,101.24382129911113,117.32592313102967,108.80039627374371,108.80039627374371,0.6074350468573148,0.6074350468573148,0.6074350468573148,0.6074350468573148,0.6074350468573148,0.6074350468573148,0.0,0.0,0.0,109.40783132060103
209,2023-10-27,109.23588632798872,102.06043015899719,117.81493290061582,109.23588632798872,109.23588632798872,0.8206646072938939,0.8206646072938939,0.8206646072938939,0.8206646072938939,0.8206646072938939,0.8206646072938939,0.0,0.0,0.0,110.05655093528262
210,2023-10-30,110.54235649072372,102.72968619973875,118.45592081986916,110.54235649072372,110.54235649072372,0.22808285217860222,0.22808285217860222,0.22808285217860222,0.22808285217860222,0.22808285217860222,0.22808285217860222,0.0,0.0,0.0,110.77043934290232
211,2023-10-31,110.97784654496873,105.22973307800379,119.72240678098466,110.97784654496873,110.97784654496873,0.9219417968500152,0.9219417968500152,0.9219417968500152,0.9219417968500152,0.9219417968500152,0.9219417968500152,0.0,0.0,0.0,111.89978834181875
212,2023-11-01,111.41333659921371,104.34623730476632,119.29140300224066,111.41333659921371,111.41333659921371,0.3954230076072335,0.3954230076072335,0.3954230076072335,0.3954230076072335,0.3954230076072335,0.3954230076072335,0.0,0.0,0.0,111.80875960682094
213,2023-11-02,111.84882665345872,104.1951343949872,120.23316578714012,111.84882665345872,111.84882665345872,0.6074350468568407,0.6074350468568407,0.6074350468568407,0.6074350468568407,0.6074350468568407,0.6074350468568407,0.0,0.0,0.0,112.45626170031555
214,2023-11-03,112.28431670770371,104.87072843209721,120.41925716484131,112.28431670770371,112.28431670770371,0.8206646072929776,0.8206646072929776,0.8206646072929776,0.8206646072929776,0.8206646072929776,0.8206646072929776,0.0,0.0,0.0,113.10498131499669
215,2023-11-06,113.59078687043873,106.31808465651426,121.3919042124311,113.59078687043873,113.59078687043873,0.22808285217890895,0.22808285217890895,0.22808285217890895,0.22808285217890895,0.22808285217890895,0.22808285217890895,0.0,0.0,0.0,113.81886972261765
216,2023-11-07,114.02627692468373,106.72725871490042,122.97601216937828,114.02627692468373,114.02627692468373,0.9219417968493278,0.9219417968493278,0.9219417968493278,0.9219417968493278,0.9219417968493278,0.9219417968493278,0.0,0.0,0.0,114.94821872153305
217,2023-11-08,114.46176697892874,107.64016755090458,123.58176612890777,114.46176697892874,114.46176697892874,0.3954230076061204,0.3954230076061204,0.3954230076061204,0.3954230076061204,0.3954230076061204,0.3954230076061204,0.0,0.0,0.0,114.85718998653486
218,2023-11-09,114.89725703317373,107.85949524646323,123.45934081322456,114.89725703317373,114.89725703317373,0.6074350468550596,0.6074350468550596,0.6074350468550596,0.6074350468550596,0.6074350468550596,0.6074350468550596,0.0,0.0,0.0,115.50469208002879
219,2023-11-10,115.33274708741874,108.94669199898122,124.11133311415794,115.33274708741874,115.33274708741874,0.8206646072920619,0.8206646072920619,0.8206646072920619,0.8206646072920619,0.8206646072920619,0.8206646072920619,0.0,0.0,0.0,116.1534116947108
220,2023-11-13,116.63921725015372,109.259079794063,124.30791842980743,116.63921725015372,116.63921725015372,0.2280828521818533,0.2280828521818533,0.2280828521818533,0.2280828521818533,0.2280828521818533,0.2280828521818533,0.0,0.0,0.0,116.86730010233558
221,2023-11-14,117.07470730439873,110.2964280297828,126.61820966047192,117.07470730439873,117.07470730439873,0.9219417968486403,0.9219417968486403,0.9219417968486403,0.9219417968486403,0.9219417968486403,0.9219417968486403,0.0,0.0,0.0,117.99664910124737
222,2023-11-15,117.51019735864372,110.55944156446675,125.71197167374704,117.51019735864372,117.51019735864372,0.39542300760708116,0.39542300760708116,0.39542300760708116,0.39542300760708116,0.39542300760708116,0.39542300760708116,0.0,0.0,0.0,117.9056203662508
223,2023-11-16,117.94568741288873,110.80392083833863,126.68552848005253,117.94568741288873,117.94568741288873,0.6074350468554084,0.6074350468554084,0.6074350468554084,0.6074350468554084,0.6074350468554084,0.6074350468554084,0.0,0.0,0.0,118.55312245974415
224,2023-11-17,118.38117746713372,111.30800593113656,126.63049698504894,118.38117746713372,118.38117746713372,0.8206646072909097,0.8206646072909097,0.8206646072909097,0.8206646072909097,0.8206646072909097,0.8206646072909097,0.0,0.0,0.0,119.20184207442463
225,2023-11-20,119.68764762986875,112.30841285558468,126.69726632756957,119.68764762986875,119.68764762986875,0.22808285217486085,0.22808285217486085,0.22808285217486085,0.22808285217486085,0.22808285217486085,0.22808285217486085,0.0,0.0,0.0,119.91573048204361
226,2023-11-21,120.12313768411373,112.92371154952178,128.97609147097663,120.12313768411373,120.12313768411373,0.9219417968479529,0.9219417968479529,0.9219417968479529,0.9219417968479529,0.9219417968479529,0.9219417968479529,0.0,0.0,0.0,121.04507948096168
227,2023-11-22,120.55862773835874,113.0352878941179,128.6426582018111,120.55862773835874,120.55862773835874,0.39542300760721466,0.39542300760721466,0.39542300760721466,0.39542300760721466,0.39542300760721466,0.39542300760721466,0.0,0.0,0.0,120.95405074596596
228,2023-11-24,121.42960784684874,114.84213070064132,130.37297673489894,121.42960784684874,121.42960784684874,0.8206646072902296,0.8206646072902296,0.8206646072902296,0.8206646072902296,0.8206646072902296,0.8206646072902296,0.0,0.0,0.0,122.25027245413897
229,2023-11-27,122.73607800958374,115.38869160139289,130.28128124489712,122.73607800958374,122.73607800958374,0.2280828521764864,0.2280828521764864,0.2280828521764864,0.2280828521764864,0.2280828521764864,0.2280828521764864,0.0,0.0,0.0,122.96416086176022
230,2023-11-28,123.17156806382874,115.95824923571608,131.9200540488251,123.17156806382874,123.17156806382874,0.9219417968486889,0.9219417968486889,0.9219417968486889,0.9219417968486889,0.9219417968486889,0.9219417968486889,0.0,0.0,0.0,124.09350986067743
231,2023-11-29,123.60705811807375,116.26030330213851,132.37135306724997,123.60705811807375,123.60705811807375,0.3954230076073484,0.3954230076073484,0.3954230076073484,0.3954230076073484,0.3954230076073484,0.3954230076073484,0.0,0.0,0.0,124.0024811256811
232,2023-11-30,124.04254817231876,117.01080451280154,132.94474426140087,124.04254817231876,124.04254817231876,0.6074350468577518,0.6074350468577518,0.6074350468577518,0.6074350468577518,0.6074350468577518,0.6074350468577518,0.0,0.0,0.0,124.6499832191765
233,2023-12-01,124.47803822656377,117.58113803713444,132.76851112381246,124.47803822656377,124.47803822656377,0.8206646072944186,0.8206646072944186,0.8206646072944186,0.8206646072944186,0.8206646072944186,0.8206646072944186,0.0,0.0,0.0,125.29870283385819
234,2023-12-04,125.78450838929875,118.51035750736216,134.2776750811224,125.78450838929875,125.78450838929875,0.22808285217679325,0.22808285217679325,0.22808285217679325,0.22808285217679325,0.22808285217679325,0.22808285217679325,0.0,0.0,0.0,126.01259124147555
235,2023-12-05,126.21999844354376,119.11709559612878,135.10099198198702,126.21999844354376,126.21999844354376,0.921941796846578,0.921941796846578,0.921941796846578,0.921941796846578,0.921941796846578,0.921941796846578,0.0,0.0,0.0,127.14194024039034
236,2023-12-06,126.65548849778874,118.58430217415837,135.3610620927541,126.65548849778874,126.65548849778874,0.3954230076083091,0.3954230076083091,0.3954230076083091,0.3954230076083091,0.3954230076083091,0.3954230076083091,0.0,0.0,0.0,127.05091150539705
237,2023-12-07,127.09097855203375,120.53124353419166,135.63298983863314,127.09097855203375,127.09097855203375,0.6074350468572778,0.6074350468572778,0.6074350468572778,0.6074350468572778,0.6074350468572778,0.6074350468572778,0.0,0.0,0.0,127.69841359889102
238,2023-12-08,127.52646860627875,120.54788438070449,136.30746372532627,127.52646860627875,127.52646860627875,0.8206646072935025,0.8206646072935025,0.8206646072935025,0.8206646072935025,0.8206646072935025,0.8206646072935025,0.0,0.0,0.0,128.34713321357225
239,2023-12-11,128.83293876901377,121.61763151095339,136.8623417095234,128.83293876901377,128.83293876901377,0.22808285217709998,0.22808285217709998,0.22808285217709998,0.22808285217709998,0.22808285217709998,0.22808285217709998,0.0,0.0,0.0,129.06102162119086
240,2023-12-12,129.26842882325874,121.98643710658973,137.93775106247134,129.26842882325874,129.26842882325874,0.9219417968493154,0.9219417968493154,0.9219417968493154,0.9219417968493154,0.9219417968493154,0.9219417968493154,0.0,0.0,0.0,130.19037062010807
241,2023-12-13,129.70391887750375,122.95988938259832,138.10478330255677,129.70391887750375,129.70391887750375,0.3954230076084426,0.3954230076084426,0.3954230076084426,0.3954230076084426,0.3954230076084426,0.3954230076084426,0.0,0.0,0.0,130.09934188511218
242,2023-12-14,130.13940893174876,122.9380802408012,138.5110280190574,130.13940893174876,130.13940893174876,0.6074350468584496,0.6074350468584496,0.6074350468584496,0.6074350468584496,0.6074350468584496,0.6074350468584496,0.0,0.0,0.0,130.74684397860722
243,2023-12-15,130.57489898599377,123.2937586479361,139.1884442665101,130.57489898599377,130.57489898599377,0.8206646072923504,0.8206646072923504,0.8206646072923504,0.8206646072923504,0.8206646072923504,0.8206646072923504,0.0,0.0,0.0,131.3955635932861
244,2023-12-18,131.88136914872877,124.09434368517626,140.44884238511347,131.88136914872877,131.88136914872877,0.22808285218004426,0.22808285218004426,0.22808285218004426,0.22808285218004426,0.22808285218004426,0.22808285218004426,0.0,0.0,0.0,132.10945200090882
245,2023-12-19,132.31685920297377,125.08751160190276,140.42006613368267,132.31685920297377,132.31685920297377,0.9219417968472039,0.9219417968472039,0.9219417968472039,0.9219417968472039,0.9219417968472039,0.9219417968472039,0.0,0.0,0.0,133.23880099982097
246,2023-12-20,132.75234925721875,125.01795651396847,140.9640618937036,132.75234925721875,132.75234925721875,0.39542300760732946,0.39542300760732946,0.39542300760732946,0.39542300760732946,0.39542300760732946,0.39542300760732946,0.0,0.0,0.0,133.14777226482607
247,2023-12-21,133.18783931146376,126.21767105685925,141.98827106670132,133.18783931146376,133.18783931146376,0.6074350468587985,0.6074350468587985,0.6074350468587985,0.6074350468587985,0.6074350468587985,0.6074350468587985,0.0,0.0,0.0,133.79527435832256
248,2023-12-22,133.62332936570877,126.49039554310829,141.84384043782075,133.62332936570877,133.62332936570877,0.8206646072911983,0.8206646072911983,0.8206646072911983,0.8206646072911983,0.8206646072911983,0.8206646072911983,0.0,0.0,0.0,134.44399397299998
249,2023-12-26,135.36528958268875,128.6416369654996,143.79452816406928,135.36528958268875,135.36528958268875,0.9219417968479404,0.9219417968479404,0.9219417968479404,0.9219417968479404,0.9219417968479404,0.9219417968479404,0.0,0.0,0.0,136.28723137953668
250,2023-12-27,135.80077963693375,128.20563280111728,144.57983896944725,135.80077963693375,135.80077963693375,0.39542300760746313,0.39542300760746313,0.39542300760746313,0.39542300760746313,0.39542300760746313,0.39542300760746313,0.0,0.0,0.0,136.19620264454122
251,2023-12-28,136.23626969117876,128.78097087567963,144.18514995017912,136.23626969117876,136.23626969117876,0.6074350468561944,0.6074350468561944,0.6074350468561944,0.6074350468561944,0.6074350468561944,0.6074350468561944,0.0,0.0,0.0,136.84370473803494
252,2023-12-29,136.67175974542374,130.42500513153337,145.27242793389993,136.67175974542374,136.67175974542374,0.8206646072905183,0.8206646072905183,0.8206646072905183,0.8206646072905183,0.8206646072905183,0.8206646072905183,0.0,0.0,0.0,137.49242435271427
253,2023-12-30,137.10724979966875,128.3227192054312,143.2810309463342,137.10724979966875,137.10724979966875,-1.4867739071775807,-1.4867739071775807,-1.4867739071775807,-1.4867739071775807,-1.4867739071775807,-1.4867739071775807,0.0,0.0,0.0,135.62047589249116
254,2023-12-31,137.54273985391376,128.1694633541458,143.72727284841727,137.5384517065154,137.55810481732223,-1.4867734036071991,-1.4867734036071991,-1.4867734036071991,-1.4867734036071991,-1.4867734036071991,-1.4867734036071991,0.0,0.0,0.0,136.05596645030656
255,2024-01-01,137.97822990815877,130.58336335502725,145.38701133953273,137.95684616367254,138.021831798739,0.22808285218197666,0.22808285218197666,0.22808285218197666,0.22808285218197666,0.22808285218197666,0.22808285218197666,0.0,0.0,0.0,138.20631276034075
256,2024-01-02,138.41371996240375,131.6450220787714,146.84551774715578,138.3655767983096,138.49856934271986,0.9219417968492541,0.9219417968492541,0.9219417968492541,0.9219417968492541,0.9219417968492541,0.9219417968492541,0.0,0.0,0.0,139.33566175925301
257,2024-01-03,138.84921001664875,131.11166822393108,146.67605992269515,138.77028976633005,138.98196476361812,0.39542300760635,0.39542300760635,0.39542300760635,0.39542300760635,0.39542300760635,0.39542300760635,0.0,0.0,0.0,139.2446330242551
258,2024-01-04,139.28470007089376,131.91626485841226,147.05736851145826,139.1688377234534,139.45843428916365,0.6074350468565431,0.6074350468565431,0.6074350468565431,0.6074350468565431,0.6074350468565431,0.6074350468565431,0.0,0.0,0.0,139.8921351177503
259,2024-01-05,139.72019012513877,132.42926413538845,148.42106527752506,139.5694153332753,139.946656126823,0.8206646072951793,0.8206646072951793,0.8206646072951793,0.8206646072951793,0.8206646072951793,0.8206646072951793,0.0,0.0,0.0,140.54085473243396
260,2024-01-06,140.15568017938375,130.0853596688872,146.5629554895467,139.96803058499427,140.43754688809273,-1.4867739071791972,-1.4867739071791972,-1.4867739071791972,-1.4867739071791972,-1.4867739071791972,-1.4867739071791972,0.0,0.0,0.0,138.66890627220457
261,2024-01-07,140.59117023362876,131.46099033468616,147.17907332899117,140.3709814560421,140.91784427025252,-1.4867734036064846,-1.4867734036064846,-1.4867734036064846,-1.4867734036064846,-1.4867734036064846,-1.4867734036064846,0.0,0.0,0.0,139.10439683002227
262,2024-01-08,141.0266602878738,133.58658928245472,149.3655764861472,140.76441643454322,141.41276216641216,0.228082852176303,0.228082852176303,0.228082852176303,0.228082852176303,0.228082852176303,0.228082852176303,0.0,0.0,0.0,141.2547431400501
263,2024-01-09,141.4621503421188,134.93790918934528,150.52506288885633,141.15479349553527,141.91747216037942,0.9219417968485667,0.9219417968485667,0.9219417968485667,0.9219417968485667,0.9219417968485667,0.9219417968485667,0.0,0.0,0.0,142.38409213896736
264,2024-01-10,141.89764039636378,134.7803003866837,150.12891382683685,141.5508524037306,142.4142816809409,0.3954230076077306,0.3954230076077306,0.3954230076077306,0.3954230076077306,0.3954230076077306,0.3954230076077306,0.0,0.0,0.0,142.2930634039715
265,2024-01-11,142.3331304506088,134.8050759503659,150.83117856375893,141.93737403918942,142.93540793135537,0.607435046857715,0.607435046857715,0.607435046857715,0.607435046857715,0.607435046857715,0.607435046857715,0.0,0.0,0.0,142.9405654974665
266,2024-01-12,142.76862050485377,135.17582424426485,151.58103147015314,142.30472455734122,143.42431734619973,0.8206646072940272,0.8206646072940272,0.8206646072940272,0.8206646072940272,0.8206646072940272,0.8206646072940272,0.0,0.0,0.0,143.5892851121478
267,2024-01-13,143.20411055909878,133.78617241103885,149.55931877664835,142.68012524643507,143.92956532708436,-1.4867739071732045,-1.4867739071732045,-1.4867739071732045,-1.4867739071732045,-1.4867739071732045,-1.4867739071732045,0.0,0.0,0.0,141.71733665192556
268,2024-01-14,143.63960061334376,134.14124823465266,150.0680286720532,143.07920423373565,144.43222663246556,-1.486773403604818,-1.486773403604818,-1.486773403604818,-1.486773403604818,-1.486773403604818,-1.486773403604818,0.0,0.0,0.0,142.15282720973894
269,2024-01-15,144.07509066758877,136.51519351738867,151.96857861393718,143.47485121203886,144.92221513340363,0.22808285217792856,0.22808285217792856,0.22808285217792856,0.22808285217792856,0.22808285217792856,0.22808285217792856,0.0,0.0,0.0,144.3031735197667
270,2024-01-16,144.51058072183378,137.1451450206158,153.48971027885838,143.8322393775421,145.42035543197701,0.9219417968478792,0.9219417968478792,0.9219417968478792,0.9219417968478792,0.9219417968478792,0.9219417968478792,0.0,0.0,0.0,145.43252251868165
271,2024-01-17,144.94607077607878,137.59736470915908,153.61790407540937,144.1797246086298,145.93307508173328,0.3954230076066174,0.3954230076066174,0.3954230076066174,0.3954230076066174,0.3954230076066174,0.3954230076066174,0.0,0.0,0.0,145.3414937836854
272,2024-01-18,145.38156083032376,138.30572411601625,154.43868595038484,144.5364886781199,146.44112855412976,0.6074350468580638,0.6074350468580638,0.6074350468580638,0.6074350468580638,0.6074350468580638,0.6074350468580638,0.0,0.0,0.0,145.98899587718182
273,2024-01-19,145.81705088456877,139.37350336630556,154.95450691733066,144.89025093343454,146.95406479235575,0.820664607292875,0.820664607292875,0.820664607292875,0.820664607292875,0.820664607292875,0.820664607292875,0.0,0.0,0.0,146.63771549186166
274,2024-01-20,146.25254093881378,137.10840483742777,152.7890727458577,145.25556968629851,147.4492730273249,-1.4867739071744235,-1.4867739071744235,-1.4867739071744235,-1.4867739071744235,-1.4867739071744235,-1.4867739071744235,0.0,0.0,0.0,144.76576703163937
275,2024-01-21,146.6880309930588,138.5743649749414,152.93607933578852,145.6255569687028,147.94592702640915,-1.4867734036050555,-1.4867734036050555,-1.4867734036050555,-1.4867734036050555,-1.4867734036050555,-1.4867734036050555,0.0,0.0,0.0,145.20125758945375
276,2024-01-22,147.12352104730377,139.60069758121026,155.4058660152697,145.97807941562127,148.45368359840265,0.22808285217955399,0.22808285217955399,0.22808285217955399,0.22808285217955399,0.22808285217955399,0.22808285217955399,0.0,0.0,0.0,147.3516038994833
277,2024-01-23,147.55901110154878,140.3405311657369,156.96162783958403,146.3165165072388,148.99471114075723,0.9219417968486154,0.9219417968486154,0.9219417968486154,0.9219417968486154,0.9219417968486154,0.9219417968486154,0.0,0.0,0.0,148.4809528983974
278,2024-01-24,147.99450115579378,140.80389255520006,156.03373884923676,146.68316051578054,149.54900269895347,0.39542300760757815,0.39542300760757815,0.39542300760757815,0.39542300760757815,0.39542300760757815,0.39542300760757815,0.0,0.0,0.0,148.38992416340136
279,2024-01-25,148.4299912100388,140.71271786189152,156.98435536605808,147.05219299956224,150.087049958453,0.6074350468592354,0.6074350468592354,0.6074350468592354,0.6074350468592354,0.6074350468592354,0.6074350468592354,0.0,0.0,0.0,149.03742625689802
280,2024-01-26,148.86548126428377,141.5334146331965,157.59644260134735,147.38680036741522,150.58332966454483,0.820664607291959,0.820664607291959,0.820664607291959,0.820664607291959,0.820664607291959,0.820664607291959,0.0,0.0,0.0,149.68614587157572
281,2024-01-27,149.30097131852878,139.5133508072877,155.9897930030032,147.73985631291384,151.11393746717255,-1.4867739071756425,-1.4867739071756425,-1.4867739071756425,-1.4867739071756425,-1.4867739071756425,-1.4867739071756425,0.0,0.0,0.0,147.81419741135315
282,2024-01-28,149.7364613727738,140.8344835320252,155.75822687853915,148.08333129078144,151.632711539103,-1.4867734036033886,-1.4867734036033886,-1.4867734036033886,-1.4867734036033886,-1.4867734036033886,-1.4867734036033886,0.0,0.0,0.0,148.2496879691704
283,2024-01-29,150.1719514270188,142.30958139017213,158.27813031476174,148.4510682645504,152.15589319040058,0.22808285217388036,0.22808285217388036,0.22808285217388036,0.22808285217388036,0.22808285217388036,0.22808285217388036,0.0,0.0,0.0,150.40003427919268
284,2024-01-30,150.60744148126375,143.33794764231615,159.89464612951204,148.7777884629749,152.7047009066491,0.9219417968493516,0.9219417968493516,0.9219417968493516,0.9219417968493516,0.9219417968493516,0.9219417968493516,0.0,0.0,0.0,151.5293832781131
285,2024-01-31,151.04293153550879,142.8783608029687,159.56690163050428,149.09741034368292,153.2377215640679,0.3954230076077117,0.3954230076077117,0.3954230076077117,0.3954230076077117,0.3954230076077117,0.3954230076077117,0.0,0.0,0.0,151.4383545431165
286,2024-02-01,151.4784215897538,143.26423128861313,160.27361205789356,149.46630080422807,153.75772867352927,0.6074350468549856,0.6074350468549856,0.6074350468549856,0.6074350468549856,0.6074350468549856,0.6074350468549856,0.0,0.0,0.0,152.08585663660878
287,2024-02-02,151.9139116439988,144.86563569256433,160.693333507419,149.80466692422684,154.32956776684682,0.820664607291043,0.820664607291043,0.820664607291043,0.820664607291043,0.820664607291043,0.820664607291043,0.0,0.0,0.0,152.73457625128984
288,2024-02-03,152.34940169824378,143.502822074775,159.53369869259103,150.15760716727254,154.84052347133107,-1.4867739071772588,-1.4867739071772588,-1.4867739071772588,-1.4867739071772588,-1.4867739071772588,-1.4867739071772588,0.0,0.0,0.0,150.86262779106653
289,2024-02-04,152.7848917524888,142.8004607192881,159.4245056369551,150.50947073621893,155.35653597207022,-1.4867734036078035,-1.4867734036078035,-1.4867734036078035,-1.4867734036078035,-1.4867734036078035,-1.4867734036078035,0.0,0.0,0.0,151.298118348881
290,2024-02-05,153.2203818067338,145.46597806994967,161.67012913477754,150.83633086172193,155.89106943473666,0.2280828521741872,0.2280828521741872,0.2280828521741872,0.2280828521741872,0.2280828521741872,0.2280828521741872,0.0,0.0,0.0,153.448464658908
291,2024-02-06,153.6558718609788,146.16182514464631,163.13733841519593,151.1567072794552,156.42902538063083,0.9219417968486642,0.9219417968486642,0.9219417968486642,0.9219417968486642,0.9219417968486642,0.9219417968486642,0.0,0.0,0.0,154.57781365782748
292,2024-02-07,154.09136191522379,146.09945464239232,163.11623958000982,151.41772238872505,156.98786396217446,0.3954230076078455,0.3954230076078455,0.3954230076078455,0.3954230076078455,0.3954230076078455,0.3954230076078455,0.0,0.0,0.0,154.48678492283162
293,2024-02-08,154.5268519694688,146.95126694170557,163.19946744498947,151.79658019539932,157.54341474701982,0.6074350468561575,0.6074350468561575,0.6074350468561575,0.6074350468561575,0.6074350468561575,0.6074350468561575,0.0,0.0,0.0,155.13428701632495
294,2024-02-09,154.9623420237138,147.0653715558967,163.9079201165264,152.1515434205881,158.09432552402023,0.820664607295468,0.820664607295468,0.820664607295468,0.820664607295468,0.820664607295468,0.820664607295468,0.0,0.0,0.0,155.78300663100927
295,2024-02-10,155.3978320779588,145.72256883320793,162.35937134496726,152.48205909177568,158.65856341187407,-1.4867739071788757,-1.4867739071788757,-1.4867739071788757,-1.4867739071788757,-1.4867739071788757,-1.4867739071788757,0.0,0.0,0.0,153.91105817077994
296,2024-02-11,155.8333221322038,146.03836481894072,163.00246809730504,152.85084353479786,159.20756290450365,-1.486773403607089,-1.486773403607089,-1.486773403607089,-1.486773403607089,-1.486773403607089,-1.486773403607089,0.0,0.0,0.0,154.3465487285967
297,2024-02-12,156.2688121864488,148.38720655041675,164.8820820028993,153.17815145382264,159.72735805771336,0.22808285217713142,0.22808285217713142,0.22808285217713142,0.22808285217713142,0.22808285217713142,0.22808285217713142,0.0,0.0,0.0,156.49689503862592
298,2024-02-13,156.7043022406938,149.10161182692133,166.21220470352768,153.52078685255626,160.28503341724084,0.9219417968479767,0.9219417968479767,0.9219417968479767,0.9219417968479767,0.9219417968479767,0.9219417968479767,0.0,0.0,0.0,157.6262440375418
299,2024-02-14,157.13979229493881,148.64633045039534,166.12182071647467,153.82449824982223,160.83948942319103,0.3954230076067322,0.3954230076067322,0.3954230076067322,0.3954230076067322,0.3954230076067322,0.3954230076067322,0.0,0.0,0.0,157.53521530254554
300,2024-02-15,157.5752823491838,149.30510674187767,166.83660811971788,154.1464477718921,161.37575770086553,0.6074350468565062,0.6074350468565062,0.6074350468565062,0.6074350468565062,0.6074350468565062,0.6074350468565062,0.0,0.0,0.0,158.1827173960403
301,2024-02-16,158.0107724034288,150.5287250721226,167.69948696021086,154.42371530010539,161.88109999457345,0.8206646072943158,0.8206646072943158,0.8206646072943158,0.8206646072943158,0.8206646072943158,0.8206646072943158,0.0,0.0,0.0,158.8314370107231
302,2024-02-17,158.4462624576738,148.51795627800743,165.1364710941535,154.70758782903593,162.43010395667514,-1.4867739071800945,-1.4867739071800945,-1.4867739071800945,-1.4867739071800945,-1.4867739071800945,-1.4867739071800945,0.0,0.0,0.0,156.95948855049372
303,2024-02-18,158.8817525119188,148.5317025046399,166.8872377124491,155.01002681514314,162.98151598917642,-1.4867734036063744,-1.4867734036063744,-1.4867734036063744,-1.4867734036063744,-1.4867734036063744,-1.4867734036063744,0.0,0.0,0.0,157.3949791083124
304,2024-02-19,159.31724256616377,150.79528919443405,167.98262633979218,155.33803617421137,163.55702928742045,0.22808285217743832,0.22808285217743832,0.22808285217743832,0.22808285217743832,0.22808285217743832,0.22808285217743832,0.0,0.0,0.0,159.5453254183412
305,2024-02-20,159.75273262040878,151.10465373691568,169.75761564941325,155.63368289284765,164.11767587414727,0.9219417968492905,0.9219417968492905,0.9219417968492905,0.9219417968492905,0.9219417968492905,0.9219417968492905,0.0,0.0,0.0,160.67467441725807
306,2024-02-21,160.1882226746538,151.92921956937585,169.6055768401036,155.93329462105692,164.7175373245913,0.3954230076056192,0.3954230076056192,0.3954230076056192,0.3954230076056192,0.3954230076056192,0.3954230076056192,0.0,0.0,0.0,160.5836456822594
307,2024-02-22,160.62371272889882,152.0649391212219,170.37972089981727,156.21758335462397,165.23733447123666,0.607435046857678,0.607435046857678,0.607435046857678,0.607435046857678,0.607435046857678,0.607435046857678,0.0,0.0,0.0,161.2311477757565
308,2024-02-23,161.0592027831438,152.57674480857418,171.23842849786675,156.5606851211016,165.81199451909436,0.820664607293636,0.820664607293636,0.820664607293636,0.820664607293636,0.820664607293636,0.820664607293636,0.0,0.0,0.0,161.87986739043743
309,2024-02-24,161.4946928373888,150.3668140588448,169.12688426530158,156.8116222866687,166.37622930499936,-1.4867739071813135,-1.4867739071813135,-1.4867739071813135,-1.4867739071813135,-1.4867739071813135,-1.4867739071813135,0.0,0.0,0.0,160.0079189302075
310,2024-02-25,161.93018289163382,150.74527148596457,169.65461448866324,157.0343412828897,166.9191784269868,-1.4867734036107891,-1.4867734036107891,-1.4867734036107891,-1.4867734036107891,-1.4867734036107891,-1.4867734036107891,0.0,0.0,0.0,160.44340948802304
311,2024-02-26,162.36567294587883,153.42778053372166,171.9557940993636,157.31298338134283,167.42138880418625,0.22808285217906374,0.22808285217906374,0.22808285217906374,0.22808285217906374,0.22808285217906374,0.22808285217906374,0.0,0.0,0.0,162.59375579805788
312,2024-02-27,162.8011630001238,154.41993335338935,173.68011542754198,157.65825247019902,167.9836540663616,0.921941796850027,0.921941796850027,0.921941796850027,0.921941796850027,0.921941796850027,0.921941796850027,0.0,0.0,0.0,163.72310479697384
313,2024-02-28,163.23665305436882,154.74378539455378,173.43227650095878,157.9621985603317,168.6573285105217,0.3954230076078265,0.3954230076078265,0.3954230076078265,0.3954230076078265,0.3954230076078265,0.3954230076078265,0.0,0.0,0.0,163.63207606197665
314,2024-02-29,163.67214310861382,155.14058798056988,174.73478482973547,158.26894609442948,169.2522835722852,0.6074350468580269,0.6074350468580269,0.6074350468580269,0.6074350468580269,0.6074350468580269,0.6074350468580269,0.0,0.0,0.0,164.27957815547185
315,2024-03-01,164.10763316285883,154.8955090591395,174.1752325220915,158.51688412242902,169.8188379065632,0.8206646072924838,0.8206646072924838,0.8206646072924838,0.8206646072924838,0.8206646072924838,0.8206646072924838,0.0,0.0,0.0,164.92829777015132
316,2024-03-02,164.5431232171038,153.71731128764898,172.83496912413173,158.8636970852536,170.42947012254,-1.4867739071753208,-1.4867739071753208,-1.4867739071753208,-1.4867739071753208,-1.4867739071753208,-1.4867739071753208,0.0,0.0,0.0,163.0563493099285
317,2024-03-03,164.97861327134882,153.5425436590694,173.53939592628348,159.0814565084827,170.96527447025656,-1.4867734036100748,-1.4867734036100748,-1.4867734036100748,-1.4867734036100748,-1.4867734036100748,-1.4867734036100748,0.0,0.0,0.0,163.49183986773875
318,2024-03-04,165.41410332559383,155.46976526848883,175.773611339608,159.3547503591416,171.51185500691776,0.22808285217937058,0.22808285217937058,0.22808285217937058,0.22808285217937058,0.22808285217937058,0.22808285217937058,0.0,0.0,0.0,165.6421861777732
319,2024-03-05,165.84959337983884,156.0734287103027,177.41424915126134,159.63739693805647,172.13568891700123,0.9219417968479156,0.9219417968479156,0.9219417968479156,0.9219417968479156,0.9219417968479156,0.9219417968479156,0.0,0.0,0.0,166.77153517668674
320,2024-03-06,166.28508343408382,156.06016628132818,176.97289717533732,159.899867478117,172.70214626986646,0.39542300760920684,0.39542300760920684,0.39542300760920684,0.39542300760920684,0.39542300760920684,0.39542300760920684,0.0,0.0,0.0,166.680506441693
321,2024-03-07,166.72057348832882,157.41529548165954,178.00564819115945,160.22902223185642,173.30448758771644,0.6074350468554228,0.6074350468554228,0.6074350468554228,0.6074350468554228,0.6074350468554228,0.6074350468554228,0.0,0.0,0.0,167.32800853518424
322,2024-03-08,167.1560635425738,157.25484315357434,178.79090632308944,160.4947333038732,173.80838854064166,0.8206646072915678,0.8206646072915678,0.8206646072915678,0.8206646072915678,0.8206646072915678,0.8206646072915678,0.0,0.0,0.0,167.97672814986538
323,2024-03-09,167.5915535968188,154.80500665191494,176.56632426243937,160.70297884600404,174.33174506789857,-1.4867739071769372,-1.4867739071769372,-1.4867739071769372,-1.4867739071769372,-1.4867739071769372,-1.4867739071769372,0.0,0.0,0.0,166.10477968964187
324,2024-03-10,168.0270436510638,155.60774817914182,177.14938798102656,161.0003935747862,174.8807699645148,-1.4867734036084077,-1.4867734036084077,-1.4867734036084077,-1.4867734036084077,-1.4867734036084077,-1.4867734036084077,0.0,0.0,0.0,166.5402702474554
325,2024-03-11,168.4625337053088,158.96700856751357,178.89572663286282,161.26918022621948,175.44141724316356,0.22808285218099625,0.22808285218099625,0.22808285218099625,0.22808285218099625,0.22808285218099625,0.22808285218099625,0.0,0.0,0.0,168.6906165574898
326,2024-03-12,168.8980237595538,159.3679866286713,180.43810731385454,161.6012536728959,176.03343229139705,0.9219417968486517,0.9219417968486517,0.9219417968486517,0.9219417968486517,0.9219417968486517,0.9219417968486517,0.0,0.0,0.0,169.81996555640245
327,2024-03-13,169.33351381379882,159.76728551967904,180.35632008696805,161.87445796591666,176.55074156813146,0.3954230076080939,0.3954230076080939,0.3954230076080939,0.3954230076080939,0.3954230076080939,0.3954230076080939,0.0,0.0,0.0,169.7289368214069
328,2024-03-14,169.7690038680438,159.25845463000758,181.04148847634613,162.13025460791337,177.0933121138177,0.6074350468557717,0.6074350468557717,0.6074350468557717,0.6074350468557717,0.6074350468557717,0.6074350468557717,0.0,0.0,0.0,170.37643891489958
329,2024-03-15,170.2044939222888,160.2513556613365,182.73260898500376,162.41731039906688,177.61022301104637,0.8206646072904156,0.8206646072904156,0.8206646072904156,0.8206646072904156,0.8206646072904156,0.8206646072904156,0.0,0.0,0.0,171.02515852957922
330,2024-03-16,170.63998397653384,158.21190508337594,181.09764550072407,162.70541511014383,178.11286977965867,-1.4867739071777586,-1.4867739071777586,-1.4867739071777586,-1.4867739071777586,-1.4867739071777586,-1.4867739071777586,0.0,0.0,0.0,169.15321006935608
331,2024-03-17,171.07547403077885,158.55787527367113,180.57818140970713,162.91165183859746,178.69310320806466,-1.4867734036086455,-1.4867734036086455,-1.4867734036086455,-1.4867734036086455,-1.4867734036086455,-1.4867734036086455,0.0,0.0,0.0,169.5887006271702
332,2024-03-18,171.51096408502383,160.21025995085645,182.29454490256765,163.20704536002168,179.23351245374218,0.22808285217532237,0.22808285217532237,0.22808285217532237,0.22808285217532237,0.22808285217532237,0.22808285217532237,0.0,0.0,0.0,171.73904693719916
333,2024-03-19,171.94645413926884,161.70266085792878,184.02669443158106,163.4957568418882,179.85971038533953,0.9219417968479645,0.9219417968479645,0.9219417968479645,0.9219417968479645,0.9219417968479645,0.9219417968479645,0.0,0.0,0.0,172.8683959361168
334,2024-03-20,172.38194419351385,161.47489107698385,183.71473314113985,163.79016546905672,180.34462497676947,0.3954230076069808,0.3954230076069808,0.3954230076069808,0.3954230076069808,0.3954230076069808,0.3954230076069808,0.0,0.0,0.0,172.77736720112082
335,2024-03-21,172.81743424775885,161.60757162752503,185.1987516832308,164.09608064280994,180.9529072775473,0.6074350468569434,0.6074350468569434,0.6074350468569434,0.6074350468569434,0.6074350468569434,0.6074350468569434,0.0,0.0,0.0,173.4248692946158
336,2024-03-22,173.25292430200383,161.4449230740243,186.13510359487108,164.40887786565088,181.57093060350712,0.8206646072894996,0.8206646072894996,0.8206646072894996,0.8206646072894996,0.8206646072894996,0.8206646072894996,0.0,0.0,0.0,174.07358890929333
337,2024-03-23,173.68841435624884,160.30549602679864,184.653137672255,164.78546468078022,182.1573004654876,-1.4867739071721628,-1.4867739071721628,-1.4867739071721628,-1.4867739071721628,-1.4867739071721628,-1.4867739071721628,0.0,0.0,0.0,172.20164044907668
338,2024-03-24,174.12390441049385,160.45848590395497,184.83641680185212,165.0609305692913,182.68218519369546,-1.4867734036069788,-1.4867734036069788,-1.4867734036069788,-1.4867734036069788,-1.4867734036069788,-1.4867734036069788,0.0,0.0,0.0,172.63713100688688
339,2024-03-25,174.55939446473886,162.57490874708742,186.66763489164074,165.36013684058742,183.2729603700891,0.22808285217694804,0.22808285217694804,0.22808285217694804,0.22808285217694804,0.22808285217694804,0.22808285217694804,0.0,0.0,0.0,174.7874773169158
340,2024-03-26,174.9948845189838,164.68648856127334,187.46461023670557,165.59228218699272,183.8703238097858,0.9219417968487005,0.9219417968487005,0.9219417968487005,0.9219417968487005,0.9219417968487005,0.9219417968487005,0.0,0.0,0.0,175.9168263158325
341,2024-03-27,175.43037457322882,163.1877569799084,187.57422098453853,165.866726154821,184.45441587614877,0.39542300760711446,0.39542300760711446,0.39542300760711446,0.39542300760711446,0.39542300760711446,0.39542300760711446,0.0,0.0,0.0,175.82579758083594
342,2024-03-28,175.86586462747383,163.9772842235466,187.91200455023903,166.05208861402775,185.0800361423114,0.6074350468564693,0.6074350468564693,0.6074350468564693,0.6074350468564693,0.6074350468564693,0.6074350468564693,0.0,0.0,0.0,176.4732996743303
343,2024-03-29,176.3013546817188,164.6960721850605,189.86086590692366,166.2920292935694,185.68708073227063,0.8206646072939245,0.8206646072939245,0.8206646072939245,0.8206646072939245,0.8206646072939245,0.8206646072939245,0.0,0.0,0.0,177.12201928901274
344,2024-03-30,176.7368447359638,162.2792814172258,187.6815301377281,166.6137550843907,186.28143108653495,-1.4867739071729844,-1.4867739071729844,-1.4867739071729844,-1.4867739071729844,-1.4867739071729844,-1.4867739071729844,0.0,0.0,0.0,175.25007082879083
345,2024-03-31,177.17233479020882,162.7260017364241,188.24216732058952,166.8776879027729,186.7838936057418,-1.4867734036053115,-1.4867734036053115,-1.4867734036053115,-1.4867734036053115,-1.4867734036053115,-1.4867734036053115,0.0,0.0,0.0,175.68556138660352
346,2024-04-01,177.60782484445383,164.1077661067371,190.93002118092727,167.21792104457444,187.30253587391255,0.2280828521772548,0.2280828521772548,0.2280828521772548,0.2280828521772548,0.2280828521772548,0.2280828521772548,0.0,0.0,0.0,177.8359076966311
347,2024-04-02,178.0433148986988,164.99902346187514,191.93363159639338,167.50236190389933,187.85738400616341,0.9219417968485909,0.9219417968485909,0.9219417968485909,0.9219417968485909,0.9219417968485909,0.9219417968485909,0.0,0.0,0.0,178.9652566955474
348,2024-04-03,178.47880495294382,165.95252703489004,191.7299702985241,167.79757617507195,188.3805186247851,0.39542300760682814,0.39542300760682814,0.39542300760682814,0.39542300760682814,0.39542300760682814,0.39542300760682814,0.0,0.0,0.0,178.87422796055066
349,2024-04-04,178.91429500718883,165.78102754113752,192.79946516026712,168.00011595993024,188.97263865613056,0.6074350468576412,0.6074350468576412,0.6074350468576412,0.6074350468576412,0.6074350468576412,0.6074350468576412,0.0,0.0,0.0,179.52173005404646
350,2024-04-05,179.34978506143383,165.59538328356334,193.3376711353126,168.237733613355,189.7013198398971,0.8206646072930083,0.8206646072930083,0.8206646072930083,0.8206646072930083,0.8206646072930083,0.8206646072930083,0.0,0.0,0.0,180.17044966872683
